id,index,DNA binding
P27204,0,
P53528,1,
P52684,2,"26,27,28,29,30,31,32,33,34,35,36,37,38,39,40,41,42,43,44,45"
P10961,3,"170,171,172,173,174,175,176,177,178,179,180,181,182,183,184,185,186,187,188,189,190,191,192,193,194,195,196,197,198,199,200,201,202,203,204,205,206,207,208,209,210,211,212,213,214,215,216,217,218,219,220,221,222,223,224,225,226,227,228,229,230,231,232,233,234,235,236,237,238,239,240,241,242,243,244,245,246,247,248,249,250,251,252,253,254,255,256,257,258,259"
P06023,4,
O51768,5,
P55389,6,
P06777,7,
P35883,8,
P17502,9,
Q9ZM26,10,
Q56201,11,"4,5,6,7,8,9,10,11,12,13,14,15,16,17,18,19,20,21,22,23"
P07271,12,"727,728,729,730,731,732,733,734,735,736,737,738,739,740,741,742,743,744,745,746"
Q8NEZ4,13,"34,35,36,37,38,39,40,41,42,43,44,45,46"
Q24167,14,
P39521,15,"460,461,462,463,464,465,466,467,468,469,470,471,472,473,474,475,476,477,478,479,480,481,482,483,484,485,486,487,488,489,490,491,492,493,494,495,496,497,498,499,500,501,502,503,504,505,506,507,508,509,510,511,512,513,514,515,516,517,518,519,520,521,522,523,524,525,526,527,528,529,530,531,532,533,534,535,536,537,538,539,540,541,542,543,544,545,546,547,548,549,550,551,552"
P07903,16,"134,135,136,137,138,139,140,141,142,143,144,145,146,147,148,149,150,151,152,153,154,155,156"
P43462,17,"244,245,246,247,248,249,250,251,252,253,254,255,256,257,258,259,260,261,262,263,264,265,295,296,297,298,299,300,301,302,303,304,305,306,307,308,309,310,311,312,313,314,315,316,317,318"
Q8MJA0,18,"505,506,507,508,509,510,511,512,513,514,515,516,517,518,519,520,521,522,523,524,525,526,527,528,529,530,531,532,533,534,535,536,537,538,539,540,541,542,543,544,545,546,547,548,549,550,551,552,553,554,555,556,557,558,559,560,561,562,563,564,565,566,567,568,569,570,571,572,573,574,575,576,577,578,579,580,581,582,583,584,585,586,587,588,589,590,591,592,593,594,595"
O35892,19,
O05103,20,"3,4,5,6,7,8,9,10,11,12,13,14,15,16,17,18,19,20,21,22"
P55658,21,"37,38,39,40,41,42,43,44,45,46,47,48,49,50,51,52,53,54,55,56"
P67698,22,"93,94,95,96,97,98,99,100,101,102,103,104,105,106,107,108,109,110,111,112"
P25210,23,"60,61,62,63,64,65,66"
P94501,24,"18,19,20,21,22,23,24,25,26,27,28,29,30,31,32,33,34,35,36,37"
P20824,25,
P46676,26,
P28322,27,"342,343,344,345,346,347,348,349,350,351,352,353,354,355,356,357,358,359,360,361,362,363,364,365,366,367,368,369,370,371,372,373,374,375,376,377,378,379,380,381,382,383,384,385,386,387,388,389,390,391,392,393,394,395,396,397,398,399,400,401,402,403,404,405,406,407,408,409,410,411,412,413,414,415,416,417,418,419,420,421,422"
Q04580,28,
O76906,29,
O30477,30,
P13123,31,
O42131,32,
P34427,33,
Q9JJY4,34,
P76161,35,
P05552,36,"24,25,26,27,28,29,30,31,32,33,34,35,36,37,38,39,40,41,42,43,44,45,46,47,48,49,50,51,52,53,54,55,56,57,58,59,60,61,62,63,64,65,66,67,68,69,70,71,72,73,74,75,76,77,78,79,80,81,82,83,84,85,86,87,88,89,90,91,92,93,94,95,96,97,98,99,100,101,102,103,104"
P10080,37,
P27753,38,
P74892,39,"4,5,6,7,8,9,10,11,12,13,14,15,16,17,18,19,20,21,22,23"
P40762,40,"64,65,66,67,68,69,70,71,72,73,74,75,76,77,78,79,80,81,82,83,84,85,86,87"
Q04891,41,"416,417,418,419,420,421,422,423,424,425,426,427,428,429,430,431,432,433,434,435,436,437,438,439,440,441,442,443,444,445,446,447,448,449,450,451,452,453,454,455,456,457,458,459,460,461,462,463,464,465,466,467,468,469,470,471,472,473,474,475,476,477,478,479,480,481,482,483,484"
O60182,42,
P44152,43,
Q9ZD50,44,"30,31,32,33,34,35,36,37,38,39,40,41,42,43,44,45,46,47,48,49"
Q9LW85,45,
P28859,46,
Q62093,47,
P43139,48,
Q08999,49,
P76114,50,"37,38,39,40,41,42,43,44,45,46,47,48,49,50,51,52,53,54,55,56"
P38073,51,"56,57,58,59,60,61,62,63,64,65,66,67,68,69,70,71,72,73,74,75,76,77,78,79,80,81,82,83,84,85"
P40284,52,
P53038,53,
P77700,54,"22,23,24,25,26,27,28,29,30,31,32,33,34,35,36,37,38,39,40,41,42"
P37503,55,"47,48,49,50,51,52,53,54,55,56,57,58,59,60,61,62,63,64,65,66,67,68,69,70"
P66812,56,"176,177,178,179,180,181,182,183,184,185,186,187,188,189,190,191,192,193,194,195"
P08558,57,"209,210,211,212,213,214,215,216,217,218,219,220,221,222,223,224,225,226,227,228"
P18493,58,
P17909,59,
P24349,60,
Q64256,61,
P58700,62,"84,85,86,87,88,89,90,91,92,93,94,95,96,97,98,99,100,101,102,103,104,105,106,107"
Q52913,63,
Q96JM2,64,
O15315,65,
P21678,66,
P45904,67,"26,27,28,29,30,31,32,33,34,35,36,37,38,39,40,41,42,43,44,45"
P48437,68,
P35165,69,"136,137,138,139,140,141,142,143,144,145,146,147,148,149,150,151,152,153,154,155"
P75437,70,
P17214,71,
Q01012,72,
Q92522,73,
P25172,74,
O13606,75,"81,82,83,84,85,86,87,88,89,90,91,92,93,94,95,96,97,98,99,100,101,102,103,104,105,106,107,108,109,110,111,112,113,114,115,116,117,118,119,120,121,122,123,124,125,126,127,128,129,130,131,132,133,134,135,136,137,138,139,140,141,142,143,144,145,146,147,148,149,150,151,152,153,154,155,156,157,158,159,160,161,162,163,164,165,166,167,168,169,170,171,172"
P08392,76,"262,263,264,265,266,267,268,269,270,271,272,273,274,275,276,277,278,279,280,281,282,283,284,285,286,287,288,289,290,291,292,293,294,295,296,297,298,299,300,301,302,303,304,305,306,307,308,309,310,311,312,313,314,315,316,317,318,319,320,321,322,323,324,325,326,327,328,329,330,331,332,333,334,335,336,337,338,339,340,341,342,343,344,345,346,347,348,349,350,351,352,353,354,355,356,357,358,359,360,361,362,363,364,365,366,367,368,369,370,371,372,373,374,375,376,377,378,379,380,381,382,383,384,385,386,387,388,389,390,391,392,393,394,395,396,397,398,399,400,401,402,403,404,405,406,407,408,409,410,411,412,413,414,415,416,417,418,419,420,421,422,423,424,425,426,427,428,429,430,431,432,433,434,435,436,437,438,439,440,441,442,443,444,445,446,447,448,449,450,451,452,453,454,455,456,457,458,459,460,461,462,463,464,465,466,467,468,469,470,471,472,473,474,475,476,477,478,479,480,481,482,483,484,485,486,487,488,489,490"
P23511,77,"296,297,298,299,300,301,302,303,304,305,306,307,308,309,310,311,312,313,314,315,316,317,318,319,320,321"
Q47129,78,"217,218,219,220,221,222,223,224,225,226,227,228,229,230,231,232,233,234,235,236,237,238,266,267,268,269,270,271,272,273,274,275,276,277,278,279,280,281,282,283,284,285,286,287,288,289"
P22148,79,
O51066,80,
O00287,81,
O14746,82,
P41453,83,
P52618,84,
P53566,85,"286,287,288,289,290,291,292,293,294,295,296,297,298,299,300,301"
Q9BX26,86,
P34670,87,
P15081,88,"23,24,25,26,27,28,29"
P39376,89,"28,29,30,31,32,33,34,35,36,37,38,39,40,41,42,43,44,45,46,47"
Q00461,90,
P06701,91,
P62177,92,"206,207,208,209,210,211,212,213,214,215,216,217,218,219,220,221,222,223,224,225"
Q8NFZ0,93,
O80341,94,"155,156,157,158,159,160,161,162,163,164,165,166,167,168,169,170,171,172,173,174,175,176,177,178,179,180,181,182,183,184,185,186,187,188,189,190,191,192,193,194,195,196,197,198,199,200,201,202,203,204,205,206,207,208,209,210,211,212,213"
P46974,95,
P07621,96,"169,170,171,172,173,174,175,176,177,178,179,180,181,182,183,184,185,186,187,188"
P20227,97,
P26488,98,"200,201,202,203,204,205,206,207,208,209,210,211,212,213,214,215,216,217,218,219"
P27536,99,
Q9V2M0,100,"23,24,25,26,27,28,29,30,31,32,33,34,35,36,37,38,39,40,41,42"
P46358,101,"165,166,167,168,169,170,171,172,173,174,175,176,177,178,179,180,181,182,183,184"
P37938,102,"110,111,112,113,114,115,116,117,118,119,120,121,122,123,124,125,126,127,128,129,130,131,132,133,134,135,136,137,138,139,140,141,142,143,144,145,146,147,148,149,150,151,152,153,154,155,156,157,158,159,160,161,162,163,164,165,166,167,168,169,170,171,172,173,174,175,176,177,178,179,180,181,182"
P12552,103,"30,31,32,33,34,35,36,37,38,39,40,41,42,43,44,45,46,47,48,49"
Q92GC8,104,"53,54,55,56,57,58,59,60,61,62,63,64,65,66,67,68,69,70,71,72"
P10627,105,
P17410,106,"193,194,195,196,197,198,199,200,201,202,203,204,205,206,207,208,209,210,211,212,213,214,241,242,243,244,245,246,247,248,249,250,251,252,253,254,255,256,257,258,259,260,261,262,263,264"
P19655,107,"258,259,260,261,262,263,264,265,266,267,268,269,270,271,272,273,274,275,276,277"
P03264,108,
Q9JU25,109,
P15005,110,
Q9Z330,111,
P41895,112,
Q9W0K4,113,"645,646,647,648,649,650,651,652,653,654,655,656,657,658,659,660,661,662,663,664,665,666,667,668,669,670,671,672,673,674,675,676,677,678,679,680,681,682,683,684,685,686,687,688,689,690,697,698,699,700,701,702,703,704,705,706,707,708"
Q95QY7,114,
P03835,115,
P16691,116,
Q9CJ45,117,"207,208,209,210,211,212,213,214,215,216,217,218,219,220,221,222,223,224,225,226"
P16400,118,"20,21,22,23,24,25,26,27,28,29,30,31,32,33,34,35,36,37,38,39"
P03040,119,"16,17,18,19,20,21,22,23,24,25,26,27,28,29,30,31,32,33,34,35"
P06225,120,
P35203,121,
P06843,122,
P11020,123,
P28519,124,
P13483,125,"1,2,3,4,5,6,7,8,9,10,11,12,13,14,15,16,17,18,19,20,21,22,23,24,25,26,27,28,29,30,31,32,33,34,35,36"
P45008,126,"214,215,216,217,218,219,220,221,222,223,224,225,226,227,228,229,230,231,232,233,234,235,262,263,264,265,266,267,268,269,270,271,272,273,274,275,276,277,278,279,280,281,282,283,284,285"
O31178,127,"43,44,45,46,47,48,49,50,51,52,53,54,55,56,57,58,59,60,61,62"
P52661,128,"33,34,35,36,37,38,39,40,41,42,43,44,45,46,47,48,49,50,51,52"
P32398,129,"26,27,28,29,30,31,32,33,34,35,36,37,38,39,40,41,42,43,44,45"
Q10621,130,
P35901,131,
P66808,132,"166,167,168,169,170,171,172,173,174,175,176,177,178,179,180,181,182,183,184,185"
P49998,133,
P40814,134,
P55643,135,
Q83950,136,"967,968,969,970,971,972,973,974,975,976,977,978,979,980,981"
P76369,137,"20,21,22,23,24,25,26,27,28,29,30,31,32,33,34,35,36,37,38,39"
P39781,138,"58,59,60,61,62,63,64,65,66,67,68,69,70,71,72,73,74,75,76,77,78,79,80"
P48271,139,"25,26,27,28,29,30,31,32,33,34,35,36,37,38,39,40,41,42,43,44"
O75717,140,"1016,1017,1018,1019,1020,1021,1022,1023,1024,1025,1026,1027,1028,1029,1030,1031,1032,1033,1034,1035,1036,1037,1038,1039,1040,1041,1042,1043,1044,1045,1046,1047,1048,1049,1050,1051,1052,1053,1054,1055,1056,1057,1058,1059,1060,1061,1062,1063,1064,1065,1066,1067,1068,1069,1070,1071,1072,1073,1074,1075,1076,1077,1078,1079"
P39143,141,"42,43,44,45,46,47,48,49,50,51,52,53,54,55,56,57,58,59,60,61"
P33228,142,
Q9N0N3,143,
P20398,144,
Q64028,145,
P28809,146,"218,219,220,221,222,223,224,225,226,227,228,229,230,231,232,233,234,235,236,237,238,239,266,267,268,269,270,271,272,273,274,275,276,277,278,279,280,281,282,283,284,285,286,287,288,289"
P54479,147,
Q01751,148,"15,16,17,18,19,20,21,22,23,24,25,26,27,28,29,30,31,32,33,34,35,36,37"
P36673,149,"7,8,9,10,11,12,13,14,15,16,17,18,19,20,21,22,23,24,25,26"
P04524,150,114
P22562,151,"29,30,31,32,33,34,35,36,37,38,39,40,41,42,43,44,45,46,47,48,49,50,51,52"
Q38087,152,
Q58038,153,"32,33,34,35,36,37,38,39,40,41,42,43,44,45,46,47,48,49,50,51"
P13893,154,
P11637,155,
P31449,156,"204,205,206,207,208,209,210,211,212,213,214,215,216,217,218,219,220,221,222,223,224,225,252,253,254,255,256,257,258,259,260,261,262,263,264,265,266,267,268,269,270,271,272,273,274,275"
P10277,157,
P20193,158,
P48988,159,"28,29,30,31,32,33,34,35,36,37,38,39,40,41,42,43,44,45,46,47,48,97,98,99,100,101,102,103,104,105,106,107,108,109,110,111,112,113,114,115,116,117,118,119,120,121,122,123,124,125,126,127,128,129"
Q17768,160,
P18811,161,"9,10,11,12,13,14,15,16,17,18,19,20,21,22,23,24,25,26,27,28"
P46672,162,
P0AE71,163,
P25357,164,"911,912,913,914,915,916,917,918,919,920,921,922,923,924,925,926,927,928,929,930,931,932,933,934"
Q03188,165,
P54269,166,"226,227,228,229,230,231,232,233,234,235,236,237,238,239,240,241,242,243,244,245,246,247,248,249,250,251,252,253,254,255,256,257,258,259,260,261,262,263,264,265,266,267,268,269,270,271,272,273,274,275,276,277,278,279,280,281,282,283,284,285,286,287,288"
Q47005,167,"18,19,20,21,22,23,24,25,26,27,28,29,30,31,32,33,34,35,36,37"
Q24849,168,
P45876,169,"17,18,19,20,21,22,23,24,25,26,27,28,29,30,31,32,33,34,35,36"
P14199,170,
Q8Y0Y3,171,
P18680,172,"25,26,27,28,29,30,31,32,33,34,35,36,37,38,39,40,41,42,43,44"
P32259,173,
Q92372,174,"192,193,194,195,196,197,198,199,200,201,202,203,204,205,206,207,208,209,210,211,212,213,214,215,216,217,218,219,220,221,222,223,224,225,226,227,228,229,230,231,232,233,234,235,236,237,238,239,240,241,242,243,244,245,246,247,248,249,250,251,252,253,254,255,256,257,258,259,260,261,262,263,264,265,266,267,268,269,270,271,272,273,274,275,276,277,278"
P20050,175,
P10485,176,
P75279,177,
P67705,178,"21,22,23,24,25,26,27,28,29,30,31,32,33,34,35,36,37,38,39,40"
P10030,179,
Q27152,180,
P21340,181,
P39075,182,"8,9,10,11,12,13,14,15,16,17,18,19,20,21,22,23,24,25,26,27"
Q45620,183,
Q9X600,184,
P54000,185,
Q13029,186,
P16472,187,
P61978,188,
Q02614,189,
P0ACQ8,190,"24,25,26,27,28,29,30,31,32,33,34,35,36,37,38,39,40,41,42,43"
P0ACE5,191,
P13320,192,
O83554,193,
Q9BYV9,194,
P03710,195,
P03552,196,
P23023,197,"44,45,46,47,48,49,50,51,52,53,54,55,56,57,58,59,60,61,62,63,64,65,66,67,68,69,70,71,72,73,74,75,76,77,78,79,80,81,82,83,84,85,86,87,88,89,90,91"
P03206,198,
Q9PRE2,199,
P03227,200,
P03073,201,"293,294,295,296,297,298,299,300,301,302,303,304,305,306,307,308,309,310,311,312,313,314,315,316,317,318,319,320,321,322,323,324,325,326,327,328,329,330,331,332,333,334,335,336,337,338,339,340,341,342,343,344,345,346,347,348,349,350,351,352,353,354,355,356,357,358,359,360,361,362,363,364,365,366,367,368,369,370,371,372,373,374,375,376,377,378,379,380,381,382,383,384,385,386,387,388,389,390,391,392,393,394,395,396,397,398,399,400,401,402,403,404,405,406"
Q9CG78,202,
P22374,203,
P34160,204,
P30734,205,
P76062,206,
Q07864,207,
O10308,208,"60,61,62,63,64,65,66,67,68,69,70,71,72,73,74,75,76,77,78,79"
Q23622,209,"29,30,31,32,33,34,35,36,37,38,39,40,41,42,43,44,45,46,47,48,49,50,51,52,53,54,55,56,57,58,59,60,61,62,63,64,65,66,67,68,69,70,71,72,73,74,75,76,77,78,79,80,81,82,83,84,85,86,87,88,89,90,91,92,93,94,95,96,97,98,99,100,101,102,103,104,105,106,107,108,109,110,111,112,113,114,115,116,117,118,119,120,121,122,123,124,125,126,127,128,129,130,131,132,133,134,135,136,137,138,139,140,141,142,143,144,145,146,147,148,149,150,151,152,153,154,155,156,157,158,159,160,161,162,163,164,165,166,167,168,169,170,171,172,173,174,175,176,177,178,179,180,181,182,183,184,185,186,187,188,189,190,191,192,193,194,195,196,197,198,199,200,201,202,203,204,205,206,207,208,209,210"
Q94818,210,
P02964,211,"187,188,189,190,191,192,193,194,195,196,197,198,199,200,201,202,203,204,205,206"
P06733,212,
Q9CCB5,213,
Q05335,214,"231,232,233,234,235,236,237,238,239,240,241,242,243,244,245,246,247,248,249,250,251,252,282,283,284,285,286,287,288,289,290,291,292,293,294,295,296,297,298,299,300,301,302,303,304,305"
Q57807,215,
P03209,216,
Q06552,217,
Q84173,218,
P45215,219,"161,162,163,164,165,166,167,168,169,170,171,172,173,174,175,176,177,178,179,180"
Q8QZV0,220,
Q04635,221,
Q9NG98,222,
Q05244,223,
P22816,224,
P20585,225,
P22392,226,
P20945,227,"133,134,135,136,137,138,139,140,141,142,143,144,145,146,147,148,149,150,151,152,153,154,155,156,157,158,159,160,161,162,163,164,165,166,167,168,169,170,171,172,173,174,175,176,177,178,179,180,181,182,183,184,185,186,187,188,189,190,191,192,193,194,195,196,197,198,199,200,201,202,203,204,205,206,207"
Q27368,228,"253,254,255,256,257,258,259,260,261,262,263,264,265,266,267,268,269,270,271,272,273,274,275,276,277,278,279,280,281,282,283,284,285,286,287,288,289,290,291,292,293,294,295,296,297,298,299,300,301,302,303,304,305,306,307,308,309,310,311,312,313,314,315,316,317,318"
P0AFY9,229,
Q12224,230,"58,59,60,61,62,63,64,65,66,67,68,69,70,71,72,73,74,75,76,77,78,79,80,81,82,83,84,85,86,87"
Q9Y794,231,"100,101,102,103,104,105,106,107,108,109,110,111,112,123,124,125,126,127,128,129,130,131,132,133,134,135,148,149,150,151,152,153,154,155,156,157,158,159,160,201,202,203,204,205,206,207,208,209,210,211,212,213,231,232,233,234,235,236,237,238,239,240,241,242,243,310,311,312,313,314,315,316,317,318,319,320,321,322,339,340,341,342,343,344,345,346,347,348,349,350,351,364,365,366,367,368,369,370,371,372,373,374,375,376,425,426,427,428,429,430,431,432,433,434,435,436,437"
Q83NU2,232,
P67665,233,
P49997,234,
P10590,235,"12,13,14,15,16,17,18,19,20,21,22,23,24,25,26,27,28,29,30,31,27,28,29,30,31,32,33,34,35,36,37,38,39,40,41,42,43,44,45,46"
P82094,236,
Q7RTV0,237,
Q92804,238,
P28349,239,"53,54,55,56,57,58,59,60,61,62,63,64,65,66,67,68,69,70,71,72,73,74,75,76,77,78,79,80,81"
Q57949,240,"50,51,52,53,54,55,56,57,58,59,60,61,62,63,64,65,66,67,68,69"
P10026,241,
P0ACU8,242,
P43130,243,
P09274,244,
Q9BYK8,245,
P03187,246,
Q08082,247,
P78527,248,
P40962,249,
P93022,250,"127,128,129,130,131,132,133,134,135,136,137,138,139,140,141,142,143,144,145,146,147,148,149,150,151,152,153,154,155,156,157,158,159,160,161,162,163,164,165,166,167,168,169,170,171,172,173,174,175,176,177,178,179,180,181,182,183,184,185,186,187,188,189,190,191,192,193,194,195,196,197,198,199,200,201,202,203,204,205,206,207,208,209,210,211,212,213,214,215,216,217,218,219,220,221,222,223,224,225,226,227,228,229"
P52348,251,
P05476,252,
O13988,253,
O13472,254,
P08707,255,
P05845,256,"311,312,313,314,315,316,317,318,319,320,321,322,323,324,325,326,327,328,329,330"
P09391,257,
P45903,258,"17,18,19,20,21,22,23,24,25,26,27,28,29,30,31,32,33,34,35,36"
Q64756,259,
P18583,260,
P04132,261,"20,21,22,23,24,25,26,27,28,29,30,31,32,33,34,35,36,37,38,39"
P38826,262,
O95239,263,
Q8ZQD5,264,
P36598,265,"39,40,41,42,43,44,45,46,47,48,49,50,51,52,53,54,55,56,57,58,59,60,61,62,63,64,65"
Q8K8I6,266,
Q45119,267,
P14309,268,
Q9H4I2,269,"304,305,306,307,308,309,310,311,312,313,314,315,316,317,318,319,320,321,322,323,324,325,326,327,328,329,330,331,332,333,334,335,336,337,338,339,340,341,342,343,344,345,346,347,348,349,350,351,352,353,354,355,356,357,358,359,360,361,362,363,494,495,496,497,498,499,500,501,502,503,504,505,506,507,508,509,510,511,512,513,514,515,516,517,518,519,520,521,522,523,524,525,526,527,528,529,530,531,532,533,534,535,536,537,538,539,540,541,542,543,544,545,546,547,548,549,550,551,552,553,612,613,614,615,616,617,618,619,620,621,622,623,624,625,626,627,628,629,630,631,632,633,634,635,636,637,638,639,640,641,642,643,644,645,646,647,648,649,650,651,652,653,654,655,656,657,658,659,660,661,662,663,664,665,666,667,668,669,670,671,764,765,766,767,768,769,770,771,772,773,774,775,776,777,778,779,780,781,782,783,784,785,786,787,788,789,790,791,792,793,794,795,796,797,798,799,800,801,802,803,804,805,806,807,808,809,810,811,812,813,814,815,816,817,818,819,820,821,822,823,835,836,837,838,839,840,841,842,843,844,845,846,847,848,849,850,851,852,853,854,855,856,857,858,859,860,861,862,863,864,865,866,867,868,869,870,871,872,873,874,875,876,877,878,879,880,881,882,883,884,885,886,887,888,889,890,891,892,893,894"
P36704,270,
Q9C0Z1,271,"11,12,13,14,15,16,17,18,19,20,21,22,23,24,25,26,27,28,29,30,31,32,33,34,35,36,37,38"
Q01538,272,
P29840,273,
P51826,274,
O43823,275,
O73954,276,
P55613,277,
P32338,278,
P0ACU3,279,"39,40,41,42,43,44,45,46,47,48,49,50,51,52,53,54,55,56,57,58"
O60281,280,
Q92985,281,"11,12,13,14,15,16,17,18,19,20,21,22,23,24,25,26,27,28,29,30,31,32,33,34,35,36,37,38,39,40,41,42,43,44,45,46,47,48,49,50,51,52,53,54,55,56,57,58,59,60,61,62,63,64,65,66,67,68,69,70,71,72,73,74,75,76,77,78,79,80,81,82,83,84,85,86,87,88,89,90,91,92,93,94,95,96,97,98,99,100,101,102,103,104,105,106,107,108,109,110,111,112,113,114,115,116,117,118,119,120,121,122,123,124,125,126"
P0AC51,282,
P49790,283,
P68913,284,
P19828,285,
P18809,286,"208,209,210,211,212,213,214,215,216,217,218,219,220,221,222,223,224,225,226,227"
P08657,287,"95,96,97,98,99,100,101,102,103,104,105,106,107,108,109,110,111,112,113,114,115,116,117,118,119,120,121,122"
P19880,288,
P27641,289,
Q01239,290,
P28159,291,
Q9C5P0,292,"174,175,176,177,178,179,180,181,182,183,184,185,186"
P17211,293,"246,247,248,249,250,251,252,253,254,255,256,257,258,259,260,261,262,263,264,265"
P25847,294,693
Q24573,295,
P47240,296,"9,10,11,12,13,14,15,16,17,18,19,20,21,22,23,24,25,26,27,28,29,30,31,32,33,34,35,36,37,38,39,40,41,42,43,44,45,46,47,48,49,50,51,52,53,54,55,56,57,58,59,60,61,62,63,64,65,66,67,68,69,70,71,72,73,74,75,76,77,78,79,80,81,82,83,84,85,86,87,88,89,90,91,92,93,94,95,96,97,98,99,100,101,102,103,104,105,106,107,108,109,110,111,112,113,114,115,116,117,118,119,120,121,122,123,124,125,126,127,128,129,130,131,132,133,134,135"
P17147,297,
P15417,298,
P20311,299,
P43161,300,"20,21,22,23,24,25,26,27,28,29,30,31,32,33,34,35,36,37,38,39"
P07636,301,"176,177,178,179,180,181,182,183,184,185,186,187,188,189,190,191,192,193,194,195,196"
P19822,302,
Q02479,303,
P20710,304,
P42551,305,
P40287,306,
P07065,307,
Q00790,308,"215,216,217,218,219,220,221,222,223,224,225,226,227,228,229,230,231,232,233,234"
O55055,309,
Q58113,310,
P80304,311,
P13275,312,
P09378,313,"196,197,198,199,200,201,202,203,204,205,206,207,208,209,210,211,212,213,214,215,216,217,244,245,246,247,248,249,250,251,252,253,254,255,256,257,258,259,260,261,262,263,264,265,266,267"
P0ACP3,314,"3,4,5,6,7,8,9,10,11,12,13,14,15,16,17,18,19,20,21,22"
Q10116,315,"147,148,149,150,151,152,153,154,155,156,157,158,159,160,161,162,163,164,165,166,167,168,169,170,171,172,173,174,175,176,177,178,179,180,181,182,183,184,185,186,187,188,189,190,191,192,193,194,195,196,197,198,199,200,201,202,203,204,205,206,207,208,209,210,211,212,213,214,215"
P52696,316,"20,21,22,23,24,25,26,27,28,29,30,31,32,33,34,35,36,37,38,39,40"
P67671,317,
O70736,318,
P08979,319,
P12351,320,
P14998,321,
P22147,322,
P52959,323,"53,54,55,56,57,58,59,60,61,62,63,64,65,66,67,68,69,70,71,72,73,74,75,76,77,78,79,80,81"
P32389,324,
Q57532,325,
Q03410,326,
Q22236,327,
Q8IN94,328,
P0ACH0,329,
Q10103,330,
Q9Z985,331,
P36558,332,
P11901,333,
Q24762,334,"66,67,68,69,70,71,72,73,74,75,76,77,78,79,80,81,82,83,84,85,86,87,88,89,90,91,92,93,94,95,96,97,98,99,100,101,102,103,104,105,106,107,108,109,110,111,112,113,114,115,116,117,118,119,120,121,122,123,124,125,126,127,128,129,130,131,132,133,134,135,136,137,138,139,140,141,142,143,144,145,146"
P77365,335,
P24850,336,
Q63630,337,"119,120,121,122,123,124,125,126,127,128,129,130,131,132,133,134,135,136,137,138,139,140,141,142,143,144,145,146,147,148,149,150,151,152,153,154,155,156,157,158,159,160,161,162,163,164,165,166,167,168,169,170,171,172,173,174,175,176"
P23393,338,
P58497,339,"33,34,35,36,37,38,39,40,41,42,43,44,45,46,47,48,49,50,51,52,53,54,55,56,57,58,59,60,61,62,63,64,65,66,67,68,69,70,71,72,73,74,75,76,77,78,79"
P37682,340,"23,24,25,26,27,28,29,30,31,32,33,34,35,36,37,38,39,40,41,42"
P22035,341,"138,139,140,141,142,143,144,145,146,147,148,149,150,151,152,153,154,155,156,157,158,159,160,161,191,192,193,194,195,196,197,198,199,200,201,202,203,204,205,206,207,208,209,210,211,212,213,214"
Q23976,342,
P06990,343,
P67440,344,
Q9Z205,345,
P11938,346,"388,389,390,391,392,393,394,395,396,397,398,399,400,401,402,403,404,405,406,407,408,409,410,411"
Q49434,347,
Q22910,348,"94,95,96,97,98,99,100,101,102,103,104,105,106,107,108,109,110,111,112,113,114,115,116,117,118,119,120,121,122,123,124,125,126,127,128,129,130,131,132,133,134,135,136,137,138,139,140,141,142,143,144,145,146,147,148,149,150,151,152,153"
Q9USY4,349,
P40950,350,"25,26,27,28,29,30,31,32,33,34,35,36,37,38,39,40,41,42,43,44"
P33339,351,
P11866,352,
Q96EK4,353,80
Q9Y5B6,354,
Q99335,355,"35,36,37,38,39,40,41,42,43,44,45,46,47,48,49,50,51,52,53,54"
Q86QH9,356,
P10226,357,
P07387,358,
Q54513,359,
Q05153,360,"561,562,563,564,565,566,567,568,569,570,571,572,573,574,575,576,577,578,579,580,581,582,583,584,585,586,587,588,589,590,591,592,593,594,595,596,597,598,599,600,601,602,603,604,605,606,607,608,609,610,611,612,613,614,615,616,617,618,619,620,621,622,623,624,625,626,627,628,629,630"
P51593,361,
P25279,362,"17,18,19,20,21,22,23,24,25,26,27,28,29,30,31,32,33,34,35,36,37,38"
O33813,363,"191,192,193,194,195,196,197,198,199,200,201,202,203,204,205,206,207,208,209,210,211,212,239,240,241,242,243,244,245,246,247,248,249,250,251,252,253,254,255,256,257,258,259,260,261,262"
Q00059,364,"50,51,52,53,54,55,56,57,58,59,60,61,62,63,64,65,66,67,68,69,70,71,72,73,74,75,76,77,78,79,80,81,82,83,84,85,86,87,88,89,90,91,92,93,94,95,96,97,98,99,100,101,102,103,104,105,106,107,108,109,110,111,112,113,114,115,116,117,118,155,156,157,158,159,160,161,162,163,164,165,166,167,168,169,170,171,172,173,174,175,176,177,178,179,180,181,182,183,184,185,186,187,188,189,190,191,192,193,194,195,196,197,198,199,200,201,202,203,204,205,206,207,208,209,210,211,212,213,214,215,216,217,218,219"
Q9Y7L8,365,
Q09228,366,
P39678,367,"36,37,38,39,40,41,42,43,44,45,46,47,48,49,50,51,52,53,54,55,56,57"
P37928,368,
P03680,369,
P14816,370,"23,24,25,26,27,28,29,30,31,32,33,34,35,36,37,38,39,40,41,42"
Q94890,371,"286,287,288,289,290,291,292,293,294,295,296,297,298,299,300,301,302,303,304,305,306,307,308,309,310,311,312,313,314,315,316,317,318,319,320,321,322,323,324,325,326,327,328,329,330,331,332,333,334,335,336,337,338,339,340,341,342,343,344,345,346,347,348,349,350,351,352,353,354,355,356,357,358,359,360,361,362,363,364,365,366,367,368,369,370,371,372,373,374,375,376,377,378,379,380,381,382,383,384,385,386,387,388,389,390,391,392,393,394,395,396,397,398,399,400,401,402,403,404,405,406,407,408,409,410,411,412,413,414,415,416,417,418,419,420,421,422,423,424,425,426,427,428,429,430,431,432,433,434,435,436,437,438,439,440,441,442,443,444,445,446,447,448,449,450,451,452,453,454,455,456,457,458,459,460,461,462,463,464,465,466,467,468,469,470,471,472"
P48972,372,"54,55,56,57,58,59,60,61,62,63,64,65,66,67,68,69,70,71,72,73,74,75,76,77,106,107,108,109,110,111,112,113,114,115,116,117,118,119,120,121,122,123,124,125,126,127,128,129,157,158,159,160,161,162,163,164,165,166,167,168,169,170,171,172,173,174,175,176,177,178,179,180"
P17311,373,
P13967,374,"33,34,35,36,37,38,39,40,41,42,43,44,45,46,47,48,49,50,51,52"
P20224,375,
Q38504,376,
P07908,377,378
Q09184,378,
Q04437,379,
P28745,380,
P08956,381,"431,432,433,434,435,436,437,438,439,440,441,442,443,444,445,446,447,448,449,450"
Q12968,382,"444,445,446,447,448,449,450,451"
O05023,383,
Q63505,384,
Q60976,385,"38,39,40,41,42,43,44,45,46,47,48,49,50,51,52,53,54,55,56,57,58,110,111,112,113,114,115,116,117,118,119,120,121,122,123,124,125,126,127,128,129,130,131,132,133,134,135,136,137,138,139,140,141,142"
P0A9M1,386,
P06965,387,"13,14,15,16,17,18,19,20,21,22,23,24,25,26,27,28,29,30,31,32,33"
P29280,388,"53,54,55,56,57,58,59,60,61,62,63,64,65,66,67,68,69,70,71,72"
P02255,389,
P15822,390,
P12274,391,
P0ACS8,392,"50,51,52,53,54,55,56,57,58,59,60,61,62,63,64,65,66,67,68,69"
Q16666,393,"627,663,667,670,674,732,734,759"
P03546,394,
Q26486,395,
P08062,396,
Q05286,397,"34,35,36,37,38,39,40,41,42,43,44,45,46,47,48,49,50,51,52,53"
Q14103,398,
P59338,399,"181,182,183,184,185,186,187,188,189,190,191,192,193,194,195,196,197,198,199,200"
P13902,400,
Q84J78,401,
P18679,402,
Q96FV9,403,
P30339,404,"59,60,61,62,63,64,65,66,67,68,69,70,71,72,73,74,75,76,77,78"
P49869,405,"741,742,743,744,745,746,747,748,749,750,751,752,753,754,755,756,757,758,759,760,761,762,763,764,765,766,767,768,769,770,771,772,773,774,775,776,777,778,779,780,781,782,783,784,785,786,787,788,789,790,791,792,793,794,795,796,797,798,799,800,801,802,803,804,805,806,807,808,809,810,811,812,813,814,815,816"
P77569,406,"34,35,36,37,38,39,40,41,42,43,44,45,46,47,48,49,50,51,52,53"
Q14188,407,"129,130,131,132,133,134,135,136,137,138,139,140,141,142,143,144,145,146,147,148,149,150,151,152,153,154,155,156,157,158,159,160,161,162,163,164,165,166,167,168,169,170,171,172,173,174,175,176,177,178,179,180,181,182,183,184,185,186,187,188,189,190,191,192,193,194,195,196,197,198,199,200,201,202,203,204,205,206,207,208,209,210"
P28340,408,
P35692,409,"38,39,40,41,42,43,44,45,46,47,48,49,50,51,52,53,54,55,56,57,58,59,60,61,62,63,64,65,66,67,68,69,70,71,72,73,74,75,76,77,78,79,80,81,82,83,84,85,86,87,88,89,90,91,92,93"
P97863,410,"1,2,3,4,5,6,7,8,9,10,11,12,13,14,15,16,17,18,19,20,21,22,23,24,25,26,27,28,29,30,31,32,33,34,35,36,37,38,39,40,41,42,43,44,45,46,47,48,49,50,51,52,53,54,55,56,57,58,59,60,61,62,63,64,65,66,67,68,69,70,71,72,73,74,75,76,77,78,79,80,81,82,83,84,85,86,87,88,89,90,91,92,93,94,95,96,97,98,99,100,101,102,103,104,105,106,107,108,109,110,111,112,113,114,115,116,117,118,119,120,121,122,123,124,125,126,127,128,129,130,131,132,133,134,135,136,137,138,139,140,141,142,143,144,145,146,147,148,149,150,151,152,153,154,155,156,157,158,159,160,161,162,163,164,165,166,167,168,169,170,171,172,173,174,175,176,177,178,179,180,181,182,183,184,185,186,187,188,189,190,191,192,193,194,195"
Q09376,411,"32,33,34,35,36,37,38,39,40,41,42,43,44,45,46,47,48,49,50,51,52,53,54,55,56,57,58,59,60,61,62,63,64,65,66,67,68,69,70,71,72,73,74,75,76,77,78,79,80,81,82,83,84,85,86,87,88,89,90,91,92,93,94,95,96,97,98,99,100,101,102,103,104,105,106,107,108,109,110,111,112,113,114,115,116,117,118,119,120,121,122,123,124,125,126,127,128,129,130,131,132,133,134,135,136,137,138,139,140,141,142,143,144,145,146,147,148,149,150,151,152,153,154,155,156,157,158,159,160,161,162,163,164,165,166,167,168,169,170,171,172,173,174,175,176,177,178,179,180,181,182,183,184,185,186,187,188,189,190,191,192,193,194,195,196,197,198,199,200,201,202,203,204,205,206,207,208,209,210"
P68588,412,"1,2,3,4,5,6,7,8,9,10,11,12,13,14,15,16,17,18,19,20,21,22,23,24,25,26,27,28,29,30,31,32,33,34,35,36,37,38,39,40,41,42,43,44,45,46,47,48,49,50,51,52,53,54,55,56,57,58,59,60,61,62,63,64,65,66,67,68,69,70,71,72,73,74,75,76,77,78,79,80,81,82,83,84,85,86,87,88,89,90,91,92,93,94"
P68676,413,
P54788,414,
P79769,415,
O94697,416,
Q8RA66,417,
P22058,418,"7,8,9,10,11,12,13,14,34,35,36,37,38,39,40,41,60,61,62,63,64,65,66,67,94,95,96,97,98,99,100,101,122,123,124,125,126,127,128,129,155,156,157,158,159,160,161,162,174,175,176,177,178,179,180,181,196,197,198,199,200,201,202,203,219,220,221,222,223,224,225,226,262,263,264,265,266,267,268,269,281,282,283,284,285,286,287,288"
Q9BQW3,419,
P27336,420,
Q9BVI0,421,"257,258,259,260,261,262,263,264,265,266,267,268,269"
P52594,422,
Q58006,423,"101,102,103,104,105,106,107,108,109,110,111,112,113,114,115,116,117,118,119,120"
P33358,424,"6,7,8,9,10,11,12,13,14,15,16,17,18,19,20,21,22,23,24,25"
Q9Z7G4,425,
P13342,426,
Q10630,427,
P19893,428,
Q24312,429,"167,168,169,170,171,172,173,174,175,176,177,178,179,180,181,182,183,184,185,186,187,188,189,190,191,192,193,194,195,196,197,198,199,200,201,202,203,204,205,206,207,208,209,210,211,212,213,214,215,216,217,218,219,220,221,222,223,224,225,226,227,228,229,230,231,232,233,234,235,236,237,238,239,240,241,242,243,244,245,246,247,248,249,250,251,252,253,254,255,256,257,258,259,260,261,262,263,264,265,266,267,268,269,270,271,272,273,274,275,276,277,278,279,280,281,282,283,284,285,286,287,288,289,290,291,292,293,294,295,296,297,298,299,300,301,302,303,304,305,306,307,308,309,310,311,312,313,314,315,316,317,318,319,320,321,322,323,324,325,326,327,328,329,330,331,332,333,334,335,336,337,338,339,340,341,342,343,344,345,346,347,348,349,350,351,352,353,354,355,356,357,358,359,360,361,362,363,364,365,366,367,368,369,370,371,372,373,374,375,376,377,378,379"
P37728,430,"76,77,78,79,80,81,82,83,84,85,86,87,88,89,90,91,92,93,94,95"
P39343,431,"8,9,10,11,12,13,14,15,16,17,18,19,20,21,22,23,24,25,26,27"
Q00566,432,"185,186,187,188,189,190,191,192,193,194,195,196,197,265,266,267,268,269,270,271,272,273,274,275,276,277"
P22537,433,"13,14,15,16,17,18,19,20,21,22,23,24,25,26,27,28,29,30,31,32"
O76332,434,
P52662,435,"28,29,30,31,32,33,34,35,36,37,38,39,40,41,42,43,44,45,46,47"
Q10067,436,
Q00578,437,
P79051,438,
Q46397,439,
P17637,440,
P03049,441,
P21538,442,"497,498,499,500,501,502,503,504,505,506,507,508,509,510,511,512,513,514,515,516,517,518,519"
P67438,443,
P03603,444,
O43543,445,
P52044,446,"21,22,23,24,25,26,27,28,29,30,31,32,33,34,35,36,37,38,39,40"
P09547,447,
Q90867,448,"202,203,204,205,206,207,208,209,210,211,212,213,214,215,216,217,218,219,220,221,222,223,224,225,226,227,228,229,230,231,232,233,234,235,236,237,238,239,240,241,242,243,244,245,246,247,248,249,250,251,252,253,254,255,256,257,258,259,260,261,262,263,264,265,266,267,268,269,270,271,272,273,274,275,276,277,278,279,280,281,282"
P15593,449,
O00571,450,
P27343,451,
O22010,452,
P06921,453,
P0AF11,454,
O53712,455,
P54394,456,
P13002,457,
P13991,458,"222,223,224,225,226,227,228,229,230,231,232,233,234,235,236,237,238,239,240,241"
P25941,459,"17,18,19,20,21,22,23,24,25,26,27,28,29,30,31,32,33,34,35,36,37,38,39,40,41,42,43,44,45,46,47,48,49,50,51,52,53,54,55,56,57,58,59,60,61,62,63,64,65,66,67,68,69,70,71,72,73,74,75,76,77,78,79,80,81,82,83,84,85,86,87,88,89,90,91,92,93,94,95,96,97,98,99,100,101,102,103,104,105,106,107,108,109,110,111,112,113,796,797,798,799,800,801,802,803,804,805,806,807,808,809,810,811,974,975,976,977,978,979,980,981,982,983,984,985,986,987,988"
Q58184,460,
Q9ZJA1,461,
Q00312,462,"160,161,162,163,164,165,166,167,168,169,170,171,172,173,174,175,176,177,178,179,180,181,182,183,184,185,186,187,188,189,190,191,192,193,194,195,196,197,198,199,200,201,202,203,204,205,206,207,208,209,210,211,212,213,214,215,216,217,218,219,220,221,222,223,224,225,226,227,228,229,230,231,232,233,234,235,236,237,238,239,240,241,242,243,244,245,246,247,248,249,250,251,252,253,254,255,256,257,258,259,260,261,262,263,264,265,266,267,268,269,270,271,272,273,274,275,276,277,278,279,280,281,282,283,284,285,286,287,288,289,290,291,292,293,294,295,296,297,298,299,300"
P12258,463,
Q8N2W9,464,
P0ABT3,465,
Q01842,466,"396,397,398,399,400,401,402,403,404,405,406,407,408,409,410,411,412,413,414,415,416,417,418,419,420,421,422,423,424,425,426,427,428,429,430,431,432,433,434,435,436,437,438,439,440,441,442,443,444,445,446,447,448,449,450,451,452,453,454,455,456,457,458,459,460,461,462,463,464,465,466,467,468,469,470,471,472,473,474,475,476,477,478,479"
P57220,467,
Q9PQS0,468,
P40759,469,
Q58940,470,"43,44,45,46,47,48,49,50,51,52,53,54,55,56,57,58,59,60,61,62"
P40796,471,
Q03935,472,
Q92966,473,
P40114,474,
P29549,475,
P41900,476,
Q01522,477,
P14629,478,
P37510,479,"6,7,8,9,10,11,12,13,14,15,16,17,18,19,20,21,22,23,24,25"
P13870,480,"14,15,16,17,18,19,20,21,22,23,24,25,26,27,28,29,30,31,32"
P52605,481,
Q9Y9V7,482,
P21940,483,"31,32,33,34,35,36,37,38,39,40,41,42,43,44,45,46,47,48,49,50"
P0A9G0,484,"19,20,21,22,23,24,25,26,27,28,29,30,31,32,33,34,35,36,37,38"
P33651,485,"19,20,21,22,23,24,25,26,27,28,29,30,31,32,33,34,35,36,37,38"
P72131,486,"28,29,30,31,32,33,34,35,36,37,38,39,40,41,42,43,44,45,46,47,173,269"
Q8CGW4,487,"366,367,368,369,370,371,372,373,374,375,376,377,378,379,380,381,382,383,384,385,386,387,388,389,390,391,392,393,394,395,396,397,398,399,400,401,402,403,404,405,406,407,408,409,410,411,412,413,414,415,416,417,418,419,420,421,422,423,424,425,426,427,428,429,430,431,432,433,434"
P42226,488,
P73625,489,
Q9Y618,490,
P51705,491,
Q61329,492,"2152,2153,2154,2155,2156,2157,2158,2159,2160,2161,2162,2163,2164,2165,2166,2167,2168,2169,2170,2171,2172,2173,2174,2175,2176,2177,2178,2179,2180,2181,2182,2183,2184,2185,2186,2187,2188,2189,2190,2191,2192,2193,2194,2195,2196,2197,2198,2199,2200,2201,2202,2203,2204,2205,2206,2207,2208,2209,2210,2211,2249,2250,2251,2252,2253,2254,2255,2256,2257,2258,2259,2260,2261,2262,2263,2264,2265,2266,2267,2268,2269,2270,2271,2272,2273,2274,2275,2276,2277,2278,2279,2280,2281,2282,2283,2284,2285,2286,2287,2288,2289,2290,2291,2292,2293,2294,2295,2296,2297,2298,2299,2300,2301,2302,2303,2304,2305,2306,2307,2308,2650,2651,2652,2653,2654,2655,2656,2657,2658,2659,2660,2661,2662,2663,2664,2665,2666,2667,2668,2669,2670,2671,2672,2673,2674,2675,2676,2677,2678,2679,2680,2681,2682,2683,2684,2685,2686,2687,2688,2689,2690,2691,2692,2693,2694,2695,2696,2697,2698,2699,2700,2701,2702,2703,2704,2705,2706,2707,2708,2709,2952,2953,2954,2955,2956,2957,2958,2959,2960,2961,2962,2963,2964,2965,2966,2967,2968,2969,2970,2971,2972,2973,2974,2975,2976,2977,2978,2979,2980,2981,2982,2983,2984,2985,2986,2987,2988,2989,2990,2991,2992,2993,2994,2995,2996,2997,2998,2999,3000,3001,3002,3003,3004,3005,3006,3007,3008,3009,3010,3011"
Q9U7E0,493,
Q7VMD6,494,
P33194,495,
P17305,496,
Q10528,497,
P25846,498,
Q91193,499,
P07676,500,"246,247,248,249,250,251,252,253,254,255,256,257,258,259,260,261,262,263,264,265"
O07127,501,
P34257,502,"2,3,4,5,6,7,8,9,10,11,12,13,14,15,16,17,18,19,20,21,22,23,24,25,26,27,28,29,30,31,32,33,34,35,36,37,38,39,40,41,42,43,44,45,46,47,48,49,50,51,52,53,54,55,56,57,58,59,60,61,62,63,64,65,66,67,68,69,70,71,72,73,74,75,76,77,78,79,80,81,82,83,84,85,86,87,88,89,90,91,92,93,94,95,96,97,98,99,100,101,102,103,104,105,106,107,108,109,110,111,112,113,114,115,116,117,118,119,120,121,122,123,124,125,126,127,128,129,130,131,132,133,134,135"
P50456,503,"33,34,35,36,37,38,39,40,41,42"
P03671,504,
P12305,505,
P03672,506,
P27426,507,
Q9ZMY3,508,"641,642,643,644,645,646,647,648,649,650,651,652,653,654,655,656,657,658,659,660"
P24647,509,
P0ADH4,510,
O83046,511,"53,54,55,56,57,58,59,60,61,62,63,64,65,66,67,68,69,70,71,72"
P48383,512,"101,102,103,104,105,106,107,108,109,110,111,112,113,114,115,116,117,118,119,120,121,122,123,124,125,126,127,128,129,130,131,132,133,134,135,136,137,138,139,140,141,142,143,144,145,146,147,148,149,150,151,152,153,154,155,156,157,158,159,160,161,162,163,164,165,166,167,168,169,170,171,172,173,174,175,176"
O74045,513,
P32504,514,
P0A9G2,515,"23,24,25,26,27,28,29,30,31,32,33,34,35,36,37,38,39,40,41,42"
Q10115,516,
Q51761,517,"23,24,25,26,27,28,29,30,31,32,33,34,35,36,37,38,39,40,41,42,43,44"
P32862,518,"47,48,49,50,51,52,53,54,55,56,57,58,59,60,61,62,63,64,65,66,67,68,69,70,71,72,73,74,75,76"
O67779,519,
P46068,520,"32,33,34,35,36,37,38,39,40,41,42,43,44,45,46,47,48,49,50,51"
Q39057,521,
P14565,522,1
P33122,523,
P52958,524,"61,62,63,64,65,66,67,68,69,70,71,72,73,74,75,76,77,78,79,80,81,82,83,84,85,86,87,88,89,90"
O69302,525,
P39650,526,
P09276,527,
P37371,528,
P46100,529,
Q00942,530,
P03023,531,"6,7,8,9,10,11,12,13,14,15,16,17,18,19,20,21,22,23,24,25"
Q07683,532,"17,18,19,20,21,22,23,24,25,26,27,28,29,30,31,32,33,34,35,36"
P29284,533,"191,192,193,194,195,196,197,198,199,200,201,202,203,204,205,206,207,208,209,210"
P22560,534,
P11189,535,
P73532,536,
P30317,537,
Q8ZYL6,538,
P25293,539,"330,331,332,333,334,335,336,337,338,339,340,341,342,343,344,345,346,347,348,349,350,351,352,353,354,355,356"
P14506,540,"33,34,35,36,37,38,39,40,41,42,43,44,45,46,47,48,49,50,51,52"
P40971,541,"159,160,161,162,163,164,165,166,167,168,169,170,171,172,173,174,175,176,177,178,179,180,181,182,183,184,185,186"
Q7VKV0,542,
P20044,543,"20,21,22,23,24,25,26,27,28,29,30,31,32,33,34,35,36,37,38,39,40"
Q38796,544,"63,64,65,66,67,68,69,70,71,72,73,74,75,76,77,78,79,80,81,82,83,84,85,86,87,88,89,90,91,92,93,94,95,96,97,98,99,100,101,102,103,104,105,106,107,108,109,110,111,112,113,114,115,116,117,118,119,120,121,122,123"
Q823K0,545,
P04546,546,
Q58907,547,
P21189,548,
Q24432,549,"332,333,334,335,336,337,338,339,340,341,342,343,344,345,346,347,348,349,350,351,352,353,354,355,356,357,358,359,360,361,362,363,364,365,366,367,368,369,370,371,372,373,374,375,376,377,378,379,380,381,382,383,384,385,386,387,388,389,390,391,392,393,394,395,396,397,398,399,400,401,402,403,404,405,406,407,408,409,410,411,412,413,414,415,416,417,418,419,420,421,422,423,424,425,426,427,428,429,430,431,432,433,434,435,436,437,438,439,440,441,442,443,444,445,446,447,448,449,450,451,452,453,454,455,456,457,458,459,460,461,462,463,464,465,466,467,468,469,470,471,472,473,474,475,476,477,478,479,480,481,482,483,484,485,486,487,488,489,490,491,492,493,494,495,496,497,498,499,500,501,502,503,504,505,506,507,508,509,510,511,512,513"
P03127,550,
P38078,551,
P49777,552,
P23914,553,
P39769,554,
P61635,555,
P34111,556,349
P22813,557,"46,47,48,49,50,51,52,53,54,55,56,57,58,59,60,61,62,63,64,65,66,67,68,69,70,71,72,73,74,75,76,77,78,79,80,81,82,83,84,85,86,87,88,89,90,91,92,93,94,95,96,97,98,99,100,101,102,103,104,105,106,107,108,109,110,111,112,113,114,115,116,117,118,119,120,121,122,123,124,125,126,127,128,129,130,131,132,133,134,135,136,137,138,139,140,141,142,143,144,145,146,147,148,149,150"
P39842,558,"11,12,13,14,15,16,17,18,19,20,21,22,23,24,25,26,27,28,29,30"
P22915,559,"23,24,25,26,27,28,29,30,31,32,33,34,35,36,37,38,39,40,41,42"
O34827,560,"18,19,20,21,22,23,24,25,26,27,28,29,30,31,32,33,34,35,36,37"
Q9AK82,561,
P67702,562,"95,96,97,98,99,100,101,102,103,104,105,106,107,108,109,110,111,112,113,114"
P09546,563,
Q86US8,564,
P42547,565,
P39127,566,"18,19,20,21,22,23,24,25,26,27,28,29,30,31,32,33,34,35,36,37"
P80001,567,
P47974,568,
P68732,569,
O83295,570,
Q08288,571,
P11675,572,
Q06455,573,
Q9VF30,574,
P0ACH3,575,"50,51,52,53,54,55,56,57,58,59,60,61,62,63,64,65,66,67,68,69"
P67669,576,
P14736,577,"250,251,252,253,254,255,256,257,258,259,260,261,262,263,264,265,266,267,268,269"
Q9UZ54,578,
Q02835,579,
O63852,580,
Q93WU8,581,"146,147,148,149,150,151,152,153,154,155,156,157,158,159,160,161,162,163,164,165,166,167,168,169,170,171,172,173,174,175,176,177,178,179,180,181,182,183,184,185,186,187,188,189,190,191,192,193,194,195,196,197,198,199,200,201,202,203,204,205,206,207,208,209,210,211,212,213,214"
Q9H503,582,
P19323,583,"663,664,665,666,667,668,669,670,671,672,673,674,675,676,677,678,679,680,681,682"
P78424,584,"607,608,609,610,611,612,613,614,615,616,617,618,619,620,621,622,623,624,625,626,627,628,629,630,631,632,633,634,635,636,637,638,639,640,641,642,643,644,645,646,647,648,649,650,651,652,653,654,655,656,657,658,659,660,661,662,663,664,665,666"
O94160,585,"70,71,72,73,74,75,76,77,78,79,80,81,82,83,84,85,86,87,88,89,90,91,92,93,94,95,96,97,98,99,100,101,102,103,104,105,106,107,108,109,110,111,112,113,114,115,116,117,118,119,120,121,122,123,124,125,126,127"
Q9JL35,586,
P10479,587,
P35168,588,"37,38,39,40,41,42,43,44,45,46,47,48,49,50,51,52,53,54,55,56"
Q00577,589,
P06116,590,
Q80YR5,591,
P32807,592,
P35251,593,
P18629,594,"120,121,122,123,124,125,126,127,128,129,130,131,132,133,134,135,136,137,138,139,140,141"
P32445,595,
P20665,596,
Q7N976,597,"856,857,858,859,860,861,862,863,864,865,866,867,868,869,870,871,872,873,874,875"
Q93CE9,598,
P06627,599,
P21867,600,"3,4,5,6,7,8,9,10,11,12,13,14,15,16,17,18,19,20,21,22"
P07695,601,
Q57682,602,
Q15648,603,
P55626,604,
P47927,605,"131,132,133,134,135,136,137,138,139,140,141,142,143,144,145,146,147,148,149,150,151,152,153,154,155,156,157,158,159,160,161,162,163,164,165,166,167,168,169,170,171,172,173,174,175,176,177,178,179,180,181,182,183,184,185,186,187,223,224,225,226,227,228,229,230,231,232,233,234,235,236,237,238,239,240,241,242,243,244,245,246,247,248,249,250,251,252,253,254,255,256,257,258,259,260,261,262,263,264,265,266,267,268,269,270,271,272,273,274,275,276,277,278,279,280"
P43634,606,"44,45,46,47,48,49,50,51,52,53,54,55,56,57,58,59,60,61,62,63,64,65,66,67,68,69,70"
Q9UL49,607,
P51237,608,
P36012,609,
P06400,610,
P27296,611,"117,211,615,618,636,638,673"
P16790,612,
P39015,613,
Q9NRM2,614,
O10368,615,
P54722,616,"209,210,211,212,213,214,215,216,217,218,219,220,221,222,223,224,225,226,227,228,229,230,257,258,259,260,261,262,263,264,265,266,267,268,269,270,271,272,273,274,275,276,277,278,279"
Q89B27,617,"256,257,258,259,260,261,262,263,264,265,266,267,268,269,270,271,272,273,274,275"
P18494,618,
P07261,619,
P31778,620,"393,394,395,396,397,398,399,400,401,402,403,404,405,406,407,408,409,410,411,412,413,414,444,445,446,447,448,449,450,451,452,453,454,455,456,457,458,459,460,461,462,463,464,465,466,467"
P77245,621,"37,38,39,40,41,42,43,44,45,46,47,48,49,50,51,52,53,54,55,56"
Q13761,622,
Q9NAH2,623,"5,6,7,8,9,10,11,12,13,14,15,16,17,18,19,20,21,22,23,24,25,26,27,28,29,30,31,32,33,34,35,36,37,38,39,40,41,42,43,44,45,46,47,48,49,50,51,52,53,54,55,56,57,58,59,60,61,62,63,64,65,66,67,68,69,70,71,72,73,74,75,76,77,78,79,80,81,82,83,84,85,86,87,88,89,90,91,92,93,94,95,96,97,98,99,100,101,102,103,104,105,106,107,108,109,110,111,112,113,114,115,116,117,118,119,120,121,122,123,124,125,126,127,128,129,130,131,132,133,134,135,136,137,138,139,140,141,142,143,144,145,146,147,148,149,150,151,152,153,154,155,156,157,158,159,160,161,162,163,164,165,166,167,168,169,170,171,172,173,174,175,176,177,178,179,180"
Q9ZLL4,624,
Q02818,625,"172,173,174,175,176,177,178,179,180,181,182,183,184,185,186,187,188,189,190,191,192,193,194,195,196,197,198,199,200,201,202,203,204,205,206,207,208,209,210,211,212,213,214,215,216,217,218"
O49498,626,
P33520,627,"37,38,39,40,41,42,43,44,45,46,47,48,49,50,51,52,53,54,55,56,57,58"
P39784,628,"132,133,134,135,136,137,138,139,140,141,142,143,144,145,146,147,148,149,150,151,152,153,154,155,156,157"
O49397,629,"185,186,187,188,189,190,191,192,193,194,195,196,197,198,199,200,201,202,203,204,205,206,207,208,209,210,211,212,213,214,215,216,217,218,219,220,221,222,223,224,225,226,227,228,229,230,231,232,233,234,235"
P09775,630,
P0A977,631,
O44960,632,"67,68,69,70,71,72,73,74,75,76,77,78,79,80,81,82,83,84,85,86,87,88,89,90,91,92,93,94,95,96,97,98,99,100,101,102,103,104,105,106,107,108,109,110,111,112,113,114,115,116,117,118,119,120,121,122,123,124,125,126,127,128,129,130,131,132,133,134,135,136,137,138,139,140,141,142"
Q03576,633,
Q01108,634,"208,209,210,211,212,213,214,215,216,217,218,219,220,221,222,223,224,225,226,227"
Q58559,635,"78,79,80,81,82,83,84,85,86,87,88,89,90,91,92,93,94,95,96,97,98,99,100,101,102,103,104,105,106,107,108,109,110,111,112,113,114,115,116,117,118,119,120,121,122,123,124,125,126,127,128,129,130,131,132,133,134,135,136,137,138,139,140,141,142,143,144,145,146,147,148,149,150,151,152,153,154,155,156,157,158,186,187,188,189,190,191,192,193,194,195,196,197,198,199,200,201,202,203,204,205,206,207,208,209,210,211,212,213,214,215,216,217,218,219,220,221,222,223,224,225,226,227,228,229,230,231,232,233,234,235,236,237,238,239,240,241,242,243,244,245,246,247,248,249,250,251,252,253,254,255,256,257,258,259,260,261,262,263,264,265,266,291,292,293,294,295,296,297,298,299,300,301,302,303,304,305,306,307,308,309,310,311,312,313,314,315,316,317,318,319,320,321,322,323,324,325,326,327,328,329,330,331,332,333,334,335,336,337,338,339,340,341,342,343,344,345,346,347,348,349,350,351,352,353,354,355,356,357,358,359,360,361,362,363,364,365,366,367,368,369,370,371,372,373,374,375,376,377,378,423,424,425,426,427,428,429,430,431,432,433,434,435,436,437,438,439,440,441,442,443,444,445,446,447,448,449,450,451,452,453,454,455,456,457,458,459,460,461,462,463,464,465,466,467,468,469,470,471,472,473,474,475,476,477,478,479,480,481,482,483,484,485,486,487,488,489,490,491,492,493,494,495,496,497"
Q9P2Y4,636,
P24482,637,
P75970,638,
Q87K77,639,
O58782,640,"25,26,27,28,29,30,31,32,33,34,35,36,37,38,39,40,41,42,43,44"
O57863,641,
Q40152,642,"39,40,41,42,43,44,45,46,47,48,49,50,51,52,53,54,55,56,57,58,59,60,61,62,63,64,65,66,67,68,69,70,71,72,73,74,75,76,77,78,79,80,81,82,83,84,85,86,87,88,89,90,91,92,93,94,95,96,97,98,99,100,101,102,103,104,105,106,107,108,109,110,111,112,113,114,115,116,117,118,119,120,121,122,123,124,125,126,127,128,129,130,131,132,133"
Q8R4S5,643,
Q9V134,644,
P09959,645,
Q58352,646,
Q60386,647,
O13807,648,
O70133,649,
P03045,650,
P60231,651,
P64327,652,
P36816,653,
P27476,654,
Q9J5B7,655,
P16694,656,
P44308,657,
O16810,658,
P14164,659,"57,71"
Q9T1U3,660,
P10427,661,
O66861,662,
P23541,663,
O06987,664,"4,5,6,7,8,9,10,11,12,13,14,15,16,17,18,19,20,21,22,23"
P03688,665,
Q9V9A8,666,
P26993,667,"188,189,190,191,192,193,194,195,196,197,198,199,200,201,202,203,204,205,206,207,208,209,236,237,238,239,240,241,242,243,244,245,246,247,248,249,250,251,252,253,254,255,256,257,258,259"
O84905,668,"4,5,6,7,8,9,10,11,12,13,14,15,16,17,18,19,20,21,22,23"
P0A9F0,669,"158,159,160,161,162,163,164,165,166,167,168,169,170,171,172,173,174,175,176,177,178,179,180,181"
P05846,670,"388,389,390,391,392,393,394,395,396,397,398,399,400,401,402,403,404,405,406,407"
P53438,671,"448,449,450,451,452,453,454,455,456,457,458,459,460,461,462,463,464,465,466,467,468,469"
O43422,672,
Q8YQL3,673,
P17312,674,
P15281,675,"21,22,23,24,25,26,27,28,29,30,31,32,33,34,35,36,37,38,39,40"
Q02930,676,
P57766,677,
P08557,678,"407,408,409,410,411,412,413,414,415,416,417,418,419,420,421,422,423,424,425,426"
P36720,679,
P18416,680,"36,37,38,39,40,41,42,43,44,45,46,47,48,49,50,51,52,53,54,55"
Q934T6,681,
P41046,682,
Q05913,683,
Q27355,684,
P55565,685,"26,27,28,29,30,31,32,33,34,35,36,37,38,39,40,41,42,43,44,45"
P43609,686,
P11107,687,
P24607,688,
P03048,689,
P25976,690,"112,113,114,115,116,117,118,119,120,121,122,123,124,125,126,127,128,129,130,131,132,133,134,135,136,137,138,139,140,141,142,143,144,145,146,147,148,149,150,151,152,153,154,155,156,157,158,159,160,161,162,163,164,165,166,167,168,169,170,171,172,173,174,175,176,177,178,179,180,196,197,198,199,200,201,202,203,204,205,206,207,208,209,210,211,212,213,214,215,216,217,218,219,220,221,222,223,224,225,226,227,228,229,230,231,232,233,234,235,236,237,238,239,240,241,242,243,244,245,246,247,248,249,250,251,252,253,254,255,256,257,258,259,260,261,262,263,264,298,299,300,301,302,303,304,305,306,307,308,309,310,311,312,313,314,315,316,317,318,319,320,321,322,323,324,325,326,327,328,329,330,331,332,333,334,335,336,337,338,339,340,341,342,343,344,345,346,347,348,349,350,351,352,353,354,355,356,357,358,359,360,361,362,407,408,409,410,411,412,413,414,415,416,417,418,419,420,421,422,423,424,425,426,427,428,429,430,431,432,433,434,435,436,437,438,439,440,441,442,443,444,445,446,447,448,449,450,451,452,453,454,455,456,457,458,459,460,461,462,463,464,465,466,467,468,469,470,471,472,473,474,475,482,483,484,485,486,487,488,489,490,491,492,493,494,495,496,497,498,499,500,501,502,503,504,505,506,507,508,509,510,511,512,513,514,515,516,517,518,519,520,521,522,523,524,525,526,527,528,529,530,531,532,533,534,535,536,537,538,539,540,541,542,543,544,545,546,547,548,549,568,569,570,571,572,573,574,575,576,577,578,579,580,581,582,583,584,585,586,587,588,589,590,591,592,593,594,595,596,597,598,599,600,601,602,603,604,605,606,607,608,609,610,611,612,613,614,615,616,617,618,619,620,621,622,623,624,625,626,627,628,629,630,631,632,633,634"
P28932,691,
Q9V029,692,"25,26,27,28,29,30,31,32,33,34,35,36,37,38,39,40,41,42,43,44"
P25425,693,"382,383,384,385,386,387,388,389,390,391,392,393,394,395,396,397,398,399,400,401,402,403,404,405,406,407,408,409,410,411,412,413,414,415,416,417,418,419,420,421,422,423,424,425,426,427,428,429,430,431,432,433,434,435,436,437,438,439,440,441"
P87503,694,
P03010,695,
Q51786,696,"201,202,203,204,205,206,207,208,209,210,211,212,213,214,215,216,217,218,219,220"
P0A6X5,697,
Q19537,698,"236,237,238,239,240,241,242,243,244,245,246,247,248,249,250,251,252,253,254,255,256,257,258,259,260,261,262,263,264,265,266,267,268,269,270,271,272,273,274,275,276,277,278,279,280,281,282,283,284,285,286,287,288,289,290,291,292,293,294,295,296,297,298,299,300,301,302,303,304,305,306,307,308,309,310,311,312,313,314,315,316,317,318,319,320,321,322,323,324,325,326"
O05052,699,
Q62414,700,
Q12753,701,"1,2,3,4,5,6,7,8,9,10,11,12,13,14,15,16,17,18,19,20,21,22,23,24,25,26,27,28,29,30,31,32,33,34,35,36,37,38,39,40"
Q08775,702,
Q8R890,703,
O80294,704,
P30318,705,
P17051,706,"839,840,841,842,843,844,845,846,847,848,849,850,851,852,853,854,855,856,857,858"
P18016,707,
Q98MD2,708,"26,27,28,29,30,31,32,33,34,35,36,37,38,39,40,41,42,43,44,45,46"
Q9V2F4,709,
Q02441,710,"249,250,251,252,253,254,255,256,257,258,259,260,261,262,263,264,265,266,267,268"
P51721,711,
P75679,712,
Q01529,713,
Q9YAX2,714,"10,46"
P16942,715,
Q9URU2,716,
P27526,717,
P37551,718,"1,2,3,4,5,6,7,8,9,10,11,12,13,14,15,16,17,18,19,20,21,22,23,24,25,26,27,28,29,30,31,32,33,34,35,36,37,38,39,40,41,42,43,44,45,46,47,48,49,50,51,52,53,54,55,56,57,58,59,60,61,62,63,64,65,66,67,68,69,70,71,72,73"
P28925,719,
P19777,720,
P03030,721,"21,22,23,24,25,26,27,28,29,30,31,32,33,34,35,36,37,38,39,40"
O13339,722,
Q07608,723,"256,257,258,259,260,261,262,263,264,265,266,267,268,269,270,271,272,273,274,275"
P52667,724,"22,23,24,25,26,27,28,29,30,31,32,33,34,35,36,37,38,39,40,41"
Q46942,725,"3,4,5,6,7,8,9,10,11,12,13,14,15,16,17,18,19,20,21,22,23,24,25,26,27,28,29,30,31,32,33,34,35,36,37,38,39,40,41,42,43,44,45,46,47,48,49,50,51,52,53,54,55,56,57,58,59,60,61,62,63,64,65,66,67,68,69,70,71,72,73,74,75,76,77,78,79,80,81,82,83,84,85,86,87,88,89,90,91,92,93,94,95,96,97,98,99,100,101,102,103,104,105"
P27556,726,
P45447,727,"360,361,362,363,364,365,366,367,368,369,370,371,372,373,374,375,376,377,378,379,380,381,382,383,384,385,386,387,388,389,390,391,392,393,394,395,396,397,398,399,400,401,402,403,404,405,406,407,408,409,410,411,412,413,414,415,416,417,418,419,420,421,422,423,424,425,426,427,428,429,430,431,432,433,434,435"
O64235,728,
P28468,729,"645,646,647,648,649,650,651,652,653,654,655,656,657,658,659,660,661,662,663,664,665,666,667,668,669,670,671,672,673,674,675,676,677,678,679,680,681,682,683,684,685,686,687,688,689,690,691,692,693,694,695,696,697,698,699,700,701,702,703,704"
P30979,730,"46,47,48,49,50,51,52,53,54,55,56,57,58,59,60,61,62,63,64,65"
Q52279,731,"9,10,11,12,13,14,15,16,17,18,19,20,21,22,23,24,25,26,27,28"
P40331,732,"200,201,202,203,204,205,206,207,208,209,210,211,212,213,214,215,216,217,218,219,220,221,248,249,250,251,252,253,254,255,256,257,258,259,260,261,262,263,264,265,266,267,268,269,270,271"
P30658,733,"75,76,77,78,79,80,81,82,83,84,85,86,87"
Q95YE9,734,
P03043,735,"26,27,28,29,30,31,32,33,34,35,36,37,38,39,40,41,42,43,44,45"
Q10488,736,
Q9Y829,737,
Q57001,738,
Q96T58,739,"1,2,3,4,5,6,7,8,9,10,11,12,13,14,15,16,17,18,19,20,21,22,23,24,25,26,27,28,29,30,31,32,33,34,35,36,37,38,39,40,41,42,43,44,45,46,47,48,49,50,51,52,53,54,55,56,57,58,59,60,61,62,63,64,65,66,67,68,69,70,71,72,73,74,75,76,77,78,79,80,81,82,83,84,85,86,87,88,89,90,91,92,93,94,95,96,97,98,99,100,101,102,103,104,105,106,107,108,109,110,111,112,113,114,115,116,117,118,119,120,121,122,123,124,125,126,127,128,129,130,131,132,133,134,135,136,137,138,139,140,141,142,143,144,145,146,147,148,149,150,151,152,153,154,155,156,157,158,159,160,161,162,163,164,165,166,167,168,169,170,171,172,173,174,175,176,177,178,179,180,181,182,183,184,185,186,187,188,189,190,191,192,193,194,195,196,197,198,199,200,201,202,203,204,205,206,207,208,209,210,211,212,213,214,215,216,217,218,219,220,221,222,223,224,225,226,227,228,229,230,231,232,233,234,235,236,237,238,239,240,241,242,243,244,245,246,247,248,249,250,251,252,253,254,255,256,257,258,259,260,261,262,263,264,265,266,267,268,269,270,271,272,273,274,275,276,277,278,279,280,281,282,283,284,285,286,287,288,289,290,291,292,293,294,295,296,297,298,299,300,301,302,303,304,305,306,307,308,309,310,311,312,313,314,315,316,317,318,319,320,321,322,323,324,325,326,327,328,329,330,331,332,333,334,335,336,337,338,339,340,341,342,343,344,345,346,347,348,349,350,351,352,353,354,355,356,357,358,359,360,361,362,363,364,365,366,367,368,369,370,371,372,373,374,375,376,377,378,379,380,381,382,383,384,385,386,387,388,389,390,391,392,393,394,395,396,397,398,399,400,401,402,403,404,405,406,407,408,409,410,411,412,413,414,415,416,417,418,419,420,421,422,423,424,425,426,427,428,429,430,431,432,433,434,435,436,437,438,439,440,441,442,443,444,445,446,447,448,449,450,451,452,453,454,455,456,457,458,459,460,461,462,463,464,465,466,467,468,469,470,471,472,473,474,475,476,477,478,479,480,481,482,483,484,485,486,487,488,489,490,491,492,493,494,495,496,497,498,499,500,501,502,503,504,505,506,507,508,509,510,511,512,513,514,515,516,517,518,519,520,521,522,523,524,525,526,527,528,529,530,531,532,533,534,535,536,537,538,539,540,541,542,543,544,545,546,547,548,549,550,551,552,553,554,555,556,557,558,559,560,561,562,563,564,565,566,567,568,569,570,571,572,573"
Q9KPS0,740,
P11455,741,
Q58958,742,"44,45,46,47,48,49,50,51,52,53,54,55,56,57,58,59,60,61,62,63,64,65,66,67,68"
Q9PQK9,743,
P08546,744,
P03690,745,"544,545,546,547,548,549,550,551,552,553,554,555,556,557,558,559,560,561,562,563,564,565,566,567,568,569,570"
P37398,746,"537,538,539,540,541,542,543,544,545,546,547,548,549,550,551,552,553,554,555,556,557,558,559,560,561,562,563,564,565,566,567,568,569,570,571,572,573,574,575,576,577,578,579,580,581,582,583,584,585,586,587,588,589,590,591,592,593,594,595,596,597,598,599,600,601,602,603,604,605,606,607,608,609,610,611,612,613,614,615,616,617,618,619,620,621,622,623,624,625,626,627,628,629,630,631,632,633,634,635,636,637,638"
Q7WY76,747,"29,30,31,32,33,34,35,36,37,38,39,40,41,42,43,44,45,46,47,48"
Q9VLA2,748,"65,66,67,68,69,70,71,72,73,74,75,76,77,78,79,80,81,82,83,84,85,86,87,88,89,90,91,92,93,94,95,96,97,98,99,100,101,102,103,104,105,106,107,108,109,110,111,112,113,114,115,116,117,118,119,120,121,122,123,124,125,126,127,128,129,130,131,132,133,134,135,136,137,138,139,140,141,142,143,144,145,146,147,148,149,150,151,152,153,154,155,156,157,158,159,160,161,162,163,164,165,166,167,168,169,170,171,172,173,174,175,176,177,178,179,180,181,182,183,184,185,186,187,188,189,190,191,192,193,194,195,196,197,198,199,200,201,202,203,204,205,206,207,208,209,210,211,212,213,214,215,216,217,218,219,220,221,222,223,224"
Q02556,749,"7,8,9,10,11,12,13,14,15,16,17,18,19,20,21,22,23,24,25,26,27,28,29,30,31,32,33,34,35,36,37,38,39,40,41,42,43,44,45,46,47,48,49,50,51,52,53,54,55,56,57,58,59,60,61,62,63,64,65,66,67,68,69,70,71,72,73,74,75,76,77,78,79,80,81,82,83,84,85,86,87,88,89,90,91,92,93,94,95,96,97,98,99,100,101,102,103,104,105,106,107,108,109,110,111,112,113,114"
Q46087,750,
P10258,751,
P13976,752,
Q8EWC5,753,
P0ACS1,754,
P14248,755,"378,379,380,381,382,383,384,385,386,387,388,389,390,391,392,393,394,395,396,397,398,399,400,401,402,403,404,405,406,407,408,409,410,411,1182,1183,1184,1185,1186,1187,1188,1189,1190,1191,1192,1193"
Q03162,756,
P33244,757,"505,506,507,508,509,510,511,512,513,514,515,516,517,518,519,520,521,522,523,524,525,526,527,528,529,530,531,532,533,534,535,536,537,538,539,540,541,542,543,544,545,546,547,548,549,550,551,552,553,554,555,556,557,558,559,560,561,562,563,564,565,566,567,568,569,570,571,572,573,574,575,576,577,578,579,580"
P46330,758,"225,226,227,228,229,230,231,232,233,234,235,236,237,238,239,240,241,242,243,244"
Q9H171,759,
O13862,760,
P04530,761,
Q9NZ71,762,
P30020,763,
P34437,764,
Q94131,765,
P30333,766,"403,404,405,406,407,408,409,410,411,412,413,414,415,416,417,418,419,420,421,422"
Q9UKN8,767,
Q11107,768,
P46118,769,"37,38,39,40,41,42,43,44,45,46,47,48,49,50,51,52,53,54,55,56"
P40847,770,
P23913,771,
Q9LSE2,772,
Q8FL24,773,"201,202,203,204,205,206,207,208,209,210,211,212,213,214,215,216,217,218,219,220"
P55449,774,"335,336,337,338,339,340,341,342,343,344,345,346,347,348,349,350,351,352,353,354,355,356,384,385,386,387,388,389,390,391,392,393,394,395,396,397,398,399,400,401,402,403,404,405,406,407"
P0A9V7,775,"49,50,51,52,53,54,55,56,57,58,59,60,61,62,63,64,65,66,67,68"
Q01214,776,
P66798,777,"167,168,169,170,171,172,173,174,175,176,177,178,179,180,181,182,183,184,185,186"
O60673,778,
P24718,779,
P47175,780,"12,13,14,15,16,17,18,19,20,21,22,23,24,25,26,27,28,29,30,31,32,33,34,35,36,37,38,39,40,41,42,43,44,45,46,47,48,49,50,51,52,53,54,55,56,57,58,59,60,61,62,63,64,65,66,67,68,69,70,71,72,73,74,75,76,77,78,79,80,81,82,83,84,85,86,87,88,89,90,91,92,93,94,95,96,97,98,99,100,101,102,103,104,105,106,107,108,109,110,111,112,113,114,115,116"
Q9ZLC8,781,"301,302,303,304,305,306,307,308,309,310,311,312,313,314,315,316,317,318,319,320"
P35074,782,
P40798,783,
P52685,784,"18,19,20,21,22,23,24,25,26,27,28,29,30,31,32,33,34,35,36,37"
P10151,785,"39,40,41,42,43,44,45,46,47,48,49,50,51,52,53,54,55,56,57,58"
P52693,786,"18,19,20,21,22,23,24,25,26,27,28,29,30,31,32,33,34,35,36,37"
O13360,787,"11,12,13,14,15,16,17,18,19,20,21,22,23,24,25,26,27,28,29,30,31,32,33,34,35,36,37"
P06839,788,
P41511,789,
Q01532,790,
Q9ZVH3,791,
O43593,792,
P40379,793,
P11536,794,"787,788,789,790,791,792,793,794,795,796,797,798,799,800,801,802,803,804,805,806,807,808,809,810,811,812,813,814,815,816,817,818,819,820,821,822,823,824,825,826,827,828,829,830,831,832,833,834,835,836,837,838,839,840,841,842,843,844,845,846,847,848,849,850,851,852,853,854,855,856,857,858,859,860,861,862,863,864,865,866,867,868,869"
Q03631,795,"76,77,78,79,80,81,82,83,84,85,86,87,88,89,90,91,92,93,94,95,96,97,98,99,100,101,102,103,104,105,106,107,108,109"
P34877,796,
P23801,797,
P14327,798,"54,55,56,57,58,59,60,61,62,63,64,65,66,67,68,69,70,71,72,73"
P26798,799,
Q9PQ53,800,
P03211,801,"491,491,581,585"
P43684,802,
Q9ZPY0,803,
Q84123,804,
P23737,805,
Q8KUV2,806,
Q03182,807,
Q9T1U6,808,"38,39,40,41,42,43,44,45,46,47,48,49,50,51,52,53,54,55,56,57"
P34021,809,"264,265,266,267,268,269,270,271,272,273,274,275,276,277,278,279,280,281,282,283,284,285,286,287,288,289,290,291,292,293,294,295,296,297,298,299,300,301,302,303,304,305,306,307,308,309,310,311,312,313,314,315,316,317,318,319,320,321,322,323,324,325,326,327,328,329,330,331,332,333,334,335,336"
Q8LK56,810,
Q12766,811,"42,43,44,45,46,47,48,49,50,51,52,53,54,55,56,57,58,59,60,61,62,63,64,65,66,67,68,69,70,71,72,73,74,75,76,77,78,79,80,81,82,83,84,85,86,87,88,89,90,91,92,93,94,95,96,97,98,99,100,101,102,103,104,105,106,107,108,109,110"
Q9Y767,812,
O45291,813,"93,94,95,96,97,98,99,100,101,102,103,104,105,106,107,108,109,110,111,112,113,114,115,116,117,118,119,120,121,122,123,124,125,126,127,128,129,130,131,132,133,134,135,136,137,138,139,140,141,142,143,144,145,146,147,148,149,150,151,152,153,154,155,156,157,158,159,160,161,162,163,164,165,166,167,168,169,170,171,172,173,174,175,176,177,178,179,180,181,182,183,184,185,186,187,188,189,190,191,192,193,194,195,196,197,198,199,200,201,202,203,204,205,206,207,208,209,210,211,212,213,214,215,216,217,218,219,220,221,222,223,224,225,226,227,228,229,230,231,232,233,234,235,236,237,238,239,240,241,242,243,244,245,246,247,248,249,250,251,252,253,254,255,256,257,258,259,260,261,262,263,264,265,266,267,268,269,270,271,272,273,274,275,276,277,278,279,280,281,282,283,284,285,286,287,288,289,290,291"
O43102,814,
P46908,815,"178,179,180,181,182,183,184,185,186,187,188,189,190,191,192,193,194,195,196,197"
P10180,816,"877,878,879,880,881,882,883,884,885,886,887,888,889,890,891,892,893,894,895,896,897,898,899,900,901,902,903,904,905,906,907,908,909,910,911,912,913,914,915,916,917,918,919,920,921,922,923,924,925,926,927,928,929,930,931,932,933,934,935,936,937,938,939,940,941,942,943,944,945,946,947,948,949,950,951,952,953,954,955,956,957,958,959,960,961,962,963,964,1330,1331,1332,1333,1334,1335,1336,1337,1338,1339,1340,1341,1342,1343,1344,1345,1346,1347,1348,1349,1350,1351,1352,1353,1354,1355,1356,1357,1358,1359,1360,1361,1362,1363,1364,1365,1366,1367,1368,1369,1370,1371,1372,1373,1374,1375,1376,1377,1378,1379,1380,1381,1382,1383,1384,1385,1386,1387,1388,1389,1390,1391,1392,1393,1394,1395,1396,1397,1398,1399,1400,1401,1402,1403,1404,1405,1406,1407,1408,1409,1410,1411,1412,1413,1414,1415,1416,1417,1608,1609,1610,1611,1612,1613,1614,1615,1616,1617,1618,1619,1620,1621,1622,1623,1624,1625,1626,1627,1628,1629,1630,1631,1632,1633,1634,1635,1636,1637,1638,1639,1640,1641,1642,1643,1644,1645,1646,1647,1648,1649,1650,1651,1652,1653,1654,1655,1656,1657,1658,1659,1660,1661,1662,1663,1664,1665,1666,1667,1668,1669,1670,1671,1672,1673,1674,1675,1676,1677,1678,1679,1680,1681,1682,1683,1684,1685,1686,1687,1688,1689,1690,1691,1692,1693,1694,1695,1745,1746,1747,1748,1749,1750,1751,1752,1753,1754,1755,1756,1757,1758,1759,1760,1761,1762,1763,1764,1765,1766,1767,1768,1769,1770,1771,1772,1773,1774,1775,1776,1777,1778,1779,1780,1781,1782,1783,1784,1785,1786,1787,1788,1789,1790,1791,1792,1793,1794,1795,1796,1797,1798,1799,1800,1801,1802,1803,1804"
P52701,817,
P06227,818,
P21260,819,"98,99,100,101,102,103,104,105,106,107,108,109,110,111,112,113,114,115,116"
Q9HSM2,820,
P07273,821,
P22260,822,"190,191,192,193,194,195,196,197,198,199,200,201,202,203,204,205,206,207,208,209"
Q04310,823,"77,78,79,80,81,82,83,84,85,86,87,88,89,90,91,92,93,94,95,96"
P52392,824,"93,94,95,96,97,98,99,100,101,102,103,104,105,106,107,108,109,110,111,112"
Q06481,825,
Q8WW38,826,
P15038,827,
O33060,828,"51,52,53,54,55,56,57,58,59,60,61,62,63,64,65,66,67,68,69,70,71,72,73,74"
P35201,829,"356,357,358,359,360,361,362,363,364"
P23250,830,
Q9Y1B2,831,
Q01954,832,
P14064,833,
P33786,834,
P34706,835,
P11065,836,"63,64,65,66,67,68,69,70,71,72,73,74,75,76,77,78,79,80,81,82,83,84,85,86"
Q64201,837,
P14741,838,
Q57748,839,"20,21,22,23,24,25,26,27,28,29,30,31,32,33,34,35,36,37,38,39"
P10486,840,
O35003,841,
P32152,842,"20,21,22,23,24,25,26,27,28,29,30,31,32,33,34,35,36,37,38,39"
P32566,843,
P95979,844,
P42507,845,"27,28,29,30,31,32,33,34,35,36,37,38,39,40,41,42,43,44,45,46"
P90953,846,
Q05952,847,
Q9JI57,848,
P39529,849,"47,48,49,50,51,52,53,54,55,56,57,58,59,60,61,62,63,64,65,66,67,68,69,70,71,72,73"
P14707,850,
P82979,851,
P53091,852,
O93257,853,
P03763,854,"21,22,23,24,25,26,27,28,29,30,31,32,33,34,35,36,37,38,39,40,151,152,223,224,225,226,227,228,229,230,231,232,233,234,235,236,237,238,239,240,241,242,243,244,245,246,247,248,249,250,251,252,253,254,255,256,257,258,259,260,261,262,263,264,265,266,267,268,269,270,271,272,273,274,275,276,277,278,279,280,281,282,283,284,285,286,287,288,289,290,291,292,293,294,295,296,297,298,299,300,301,302,303,304,305,306,307,308,309,310,311,312"
P14083,855,
Q02991,856,"131,132,133,134,135,136,137,138,139,140,141,142,143,144,145,146,147,148,149,150,151,152,153,154,155,156,157,158,159,160,161,162,163,164,165,166,167,168,169,170,171,172,173,174,175,176,177,178,179,180,181,182,183,184,185,186,187,188,189,190,191,192,193,194,195,196,197,198,199"
Q9HR31,857,
P42166,858,
P20313,859,
P21344,860,"11,12,13,14,15,16,17,18,19,20,21,22,23,24,25,26,27,28,29,30,31"
P51979,861,
Q24595,862,
P03695,863,
Q52277,864,"28,29,30,31,32,33,34,35,36,37,38,39,40,41,42,43,44,45,46,47"
O31690,865,"4,5,6,7,8,9,10,11,12,13,14,15,16,17,18,19,20,21,22,23"
Q04013,866,"246,247,248,249,250,251,252,253,254,255,256,257,258,259"
P37376,867,
P19071,868,
Q9PHE9,869,
Q9U1H0,870,"490,491,492,493,494,495,496,497,498,499,500,501,502,503,504,505,506,507,508,509,510,511,512,513,514,515,516,517,518,519,520,521,522,523,524,525,526,527,528,529,530,531,532,533,534,535,536,537,538,539,540,541,542,543,544,545,546,547,548,549,550,551,552,553,554,555,556,557,558"
P03131,871,
O85807,872,
Q9UHF7,873,
P37549,874,
P09804,875,
Q7VIU0,876,
P06463,877,
P0ACI8,878,"25,26,27,28,29,30,31,32,33,34,35,36,37,38,39,40,41,42,43,44"
Q9VPH2,879,
P0ACT3,880,"33,34,35,36,37,38,39,40,41,42,43,44,45,46,47,48,49,50,51,52"
P21681,881,
Q9JK30,882,
P43475,883,
O68014,884,"18,19,20,21,22,23,24,25,26,27,28,29,30,31,32,33,34,35,36,37"
O43952,885,
P03009,886,
P13121,887,"30,31,32,33,34,35,36,37,38,39,40,41,42,43,44,45,46,47,48,49"
P40267,888,
Q02283,889,"65,66,67,68,69,70,71,72,73,74,75,76,77,78,79,80,81,82,83,84,85,86,87,88,89,90,91,92,93,94,95,96,97,98,99,100,101,102,103,104,105,106,107,108,109,110,111,112,113,114,115,116,117,118,119,120,121,122,123,124"
Q9L6X9,890,
P42975,891,
P13925,892,
P38165,893,
P37554,894,
Q60275,895,
Q92G55,896,
P37246,897,
Q38740,898,
O75764,899,
P51342,900,"188,189,190,191,192,193,194,195,196,197,198,199,200,201,202,203,204,205,206,207"
P21580,901,
Q00958,902,"233,234,235,236,237,302,303,304,305,306,307,308,309,373,374,375,376"
Q7M2P1,903,
P79005,904,
Q8KRZ2,905,
Q971T6,906,
P62604,907,"4,5,6,7,8,9,10,11,12,13,14,15,16,17,18,19,20,21,22,23"
P50831,908,
P22670,909,"438,439,440,441,442,443,444,445,446,447,448,449,450,451,452,453,454,455,456,457,458,459,460,461,462,463,464,465,466,467,468,469,470,471,472,473,474,475,476,477,478,479,480,481,482,483,484,485,486,487,488,489,490,491,492,493,494,495,496,497,498,499,500,501,502,503,504,505,506,507,508,509,510,511,512,513"
Q9DE13,910,
Q18211,911,
P31463,912,"25,26,27,28,29,30,31,32,33,34,35,36,37,38,39,40,41,42,43,44"
P46372,913,
O00488,914,
P05998,915,
Q08792,916,"29,30,31,32,33,34,35,36,37,38,39,40,41,42,43,44,45,46,47,48"
P52168,917,
O73673,918,"445,446,447,448,449,450,451,452,453,454,455,456,457,458,459,460,461,462,463,464,465,466,467,468,469,470,471,472,473,474,475,476,477,478,479,480,481,482,483,484,485,486,487,488,489,490,491,492,493,494,495,496,497,498,499,500,501,502,503,504,505,506,507,508,509,510,511,512,513,514,515,516,517,518,519"
P37195,919,"133,134,135,136,137,138,139,140,141,142,143,144,145,146,147,148,149,150,151,152"
P24274,920,
P12249,921,
O96006,922,"590,591,600,601,604,605,552,553,554,555,556,557,558,559,560,561,562,563,564,565,566,567,568,569,570,571,572,573,574,575,576,577,578,579,580,581,582,583,584,585,586,587,588,589,590,591,592,593,594,595,596,597,598,599,600,601,602,603,604,605,606,607,608,609,610,611,612,613,614,615,616,617,618,619,620,621,622,623,624,652,653,654,655,656,657,658,659,660,661,662,663,664,665,666,667,668,669,670,671,672,673,674,675,676,677,678,679,680,681,682,683,684,685,686,687,688,689,690,691,692,693,694"
Q04222,923,
Q8TD26,924,
P0ACG0,925,"112,113,114,115,116,117"
P19705,926,
O86228,927,"59,60,61,62,63,64,65,66,67,68,69,70,71,72,73,74,75,76,77,78"
Q24533,928,"142,143,144,145,146,147,148,149,150,151,152,153,154,155,156,157,158,159,160,161,162,163,164,165,166,167,168,169,170,171,172,173,174,175,176,177,178,179,180,181,182,183,184,185,186,187,188,189,190,191,192,193,194,195,196,197,198,199,200,201,202,203,204,205,206,207,208,209,210"
P03698,929,
P32797,930,"500,501,502,503,504,505,506,507,508,509,510,511,512,513,514,515,516,517,518,519,520,521,522,523,524,525,526,527,528,529,530,531,532,533,534,535,536,537,538,539,540,541,542,543,544,545,546,547,548,549,550,551,552,553,554,555,556,557,558,559,560,561,562,563,564,565,566,567,568,569,570,571,572,573,574,575,576,577,578,579,580,581,582,583,584,585,586,587,588,589,590,591,592,593,594,595,596,597,598,599,600,601,602,603,604,605,606,607,608,609,610,611,612,613,614,615,616,617,618,619,620,621,622,623,624,625,626,627,628,629,630,631,632,633,634,635,636,637,638,639,640,641,642,643,644,645,646,647,648,649,650,651,652,653,654,655,656,657,658,659,660,661,662,663,664,665,666,667,668,669,670,671,672,673,674,675,676,677,678,679,680,681,682,683,684,685,686"
Q94819,931,
P46003,932,
P21657,933,"150,151,152,153,154,155,156,157,158,159,160,161,162,163,164,165,166,167,168,169,170,171,172,173,174,175,176,177,178,179"
P28813,934,
P26398,935,
P12551,936,
P49330,937,"22,23,24,25,26,27,28,29,30,31,32,33,34,35,36,37,38,39,40,41"
Q03513,938,
Q86B79,939,
P12954,940,
P25150,941,"80,81,82,83,84,85,86,87,88,89,90,91,92,93,94,95,96,97,98,99,100,101,102,103"
P34205,942,
Q9P0M6,943,
Q99941,944,
Q9BWW4,945,
P09932,946,
Q9VGI8,947,
P25233,948,
P83183,949,
P32788,950,
Q8TWK3,951,
P32367,952,
Q9Y5Q9,953,
P37459,954,"25,26,27,28,29,30,31,32,33,34,35,36,37,38,39,40,41,42,43,44"
P36417,955,
P23799,956,
Q9HJQ0,957,
P40685,958,
P03254,959,
P44876,960,"34,35,36,37,38,39,40,41,42,43,44,45,46,47,48,49,50,51,52,53"
P33634,961,"18,19,20,21,22,23,24,25,26,27,28,29,30,31,32,33,34,35,36,37"
Q14191,962,"987,993,993"
P67434,963,
P23179,964,
Q09922,965,"22,23,24,25,26,27,28,29,30,31,32,33,34,35,36,37,38,39,40,41,42,43,44,45,46,47,48,49,50"
Q8TWM7,966,"139,140,141,142,143,144,145,146,147,148,149,150,151,152,153,154,155,156,157,158"
P0AFW1,967,
Q09452,968,
P28947,969,
P0A3R9,970,
P23939,971,"25,26,27,28,29,30,31,32,33,34,35,36,37,38,39,40,41,42,43,44"
Q9RP67,972,
Q9U3V5,973,
P96708,974,"71,72,73,74,75,76,77,78,79,80,81,82,83,84,85,86,87,88,89,90,91,92,93,94"
Q9Y6X0,975,"584,585,586,587,588,589,590,591,592,593,594,595,596,1016,1017,1018,1019,1020,1021,1022,1023,1024,1025,1026,1027,1028,1451,1452,1453,1454,1455,1456,1457,1458,1459,1460,1461,1462,1463"
Q60611,976,"361,362,363,364,365,366,367,368,369,370,371,372,373,374,375,376,377,378,379,380,381,382,383,384,385,386,387,388,389,390,391,392,393,394,395,396,397,398,399,400,401,402,403,404,405,406,407,408,409,410,411,412,413,414,415,416,417,418,419,420,421,422,423,424,425,426,427,428,429,430,431,432,433,434,435,436,437,438,439,440,441,442,443,444,445,446,447,448,484,485,486,487,488,489,490,491,492,493,494,495,496,497,498,499,500,501,502,503,504,505,506,507,508,509,510,511,512,513,514,515,516,517,518,519,520,521,522,523,524,525,526,527,528,529,530,531,532,533,534,535,536,537,538,539,540,541,542,543,544,545,546,547,548,549,550,551,552,553,554,555,556,557,558,559,560,561,562,563,564,565,566,567,568,569,570,571,646,647,648,649,650,651,652,653,654,655,656,657,658,659,660,661,662,663,664,665,666,667,668,669,670,671,672,673,674,675,676,677,678,679,680,681,682,683,684,685,686,687,688,689,690,691,692,693,694,695,696,697,698,699,700,701,702,703,704,705"
Q19272,977,
P70955,978,
P0A2S7,979,"118,119,120,121,122,123,124,125,126,127,128,129,130,131,132,133,134,135,136,137,138,139,166,167,168,169,170,171,172,173,174,175,176,177,178,179,180,181,182,183,184,185,186,187,188,189"
P32432,980,
Q06260,981,
P40408,982,"182,183,184,185,186,187,188,189,190,191,192,193,194,195,196,197,198,199,200,201"
P34450,983,
P07248,984,
Q9PLI1,985,
P0A583,986,
P14269,987,
P12978,988,
P23464,989,
Q92466,990,
P12876,991,
P49309,992,"38,39,40,41,42,43,44,45,46,47,48,49,50,51,52,53,54,55,56,57"
P62536,993,
Q06433,994,
O24606,995,
P17531,996,"668,669,670,671,672,673,674,675,676,677,678,679,680,681,682,683,684,685,686,687"
P0A5A6,997,
P33308,998,
P53551,999,
Q9UHN1,1000,182
Q46864,1001,"85,86,87,88,89,90,91,92,93,94,95,96,97,98,99,100,101,102,103,104"
Q96KC8,1002,
Q42430,1003,
P29503,1004,
Q9KSW4,1005,
Q99MZ3,1006,
Q14805,1007,
O61764,1008,"18,19,20,21,22,23,24,25,26,27,28,29,30,31,32,33,34,35,36,37,38,39,40,41,42,43,44,45,46,47,48,49,50,51,52,53,54,55,56,57,58,59,60,61,62,63,64,65,66,67,68,69,70,71,72,73,74,75,76,77,78,79,80,81,82,83,84,85,86,87,88,89,90,91,92,93,94,95,96,97,98,99,100,101,102,103,104,105,106,107,108,109,110,111,112,113,114,115,116,117,118,119,120,121,122,123,124,125,126,127,128,129,130,131,132,133,134,135,136,137,138,139,140,141,142,143,144,145,146,147,148,149,150,151,152,153,154,155,156,157,158,159,160,161,162,163,164,165,166,167,168,169,170,171,172,173,174,175,176,177,178,179,180,181,182,183,184,185,186,187,188,189,190,191,192,193,194,195,196,197,198,199"
Q9SMV7,1009,
Q8BUR3,1010,"78,79,80,81,82,83,84,85,86,87,88,89,90,91,92,93,94,95,96,97,98,99,100,101,102,103,104,105,106,107,108,109,110,111,112,113,114,115,116,117,118,119,120,121,122,123,124,125,126,127,128,129,130,131,132,133,134,135,136,137,138,139,140,141,142,143,144,145,146,147,148,149,150,151,152,153,154,155,156,157,158,159,160,161,162,163,164,165,166,167,168,169,170,171,172,173"
P03691,1011,
Q99551,1012,
O33817,1013,
Q9C519,1014,"306,307,308,309,310,311,312,313,314,315,316,317,318,319,320,321,322,323,324,325,326,327,328,329,330,331,332,333,334,335,336,337,338,339,340,341,342,343,344,345,346,347,348,349,350,351,352,353,354,355,356,357,358,359,360,361,362,363,364,365,366,367,368,369,370,371,372"
Q01856,1015,"39,40,41,42,43,44,45,46,47,48,49,50,51,52,53,54,55,56,57,58"
P12899,1016,
P25545,1017,"22,23,24,25,26,27,28,29,30,31,32,33,34,35,36,37,38,39,40,41"
P00214,1018,
O83049,1019,
O75362,1020,
Q9KPI4,1021,"18,19,20,21,22,23,24,25,26,27,28,29,30,31,32,33,34,35,36,37"
O27652,1022,
P11420,1023,
P22516,1024,
P76086,1025,
P33785,1026,
P25302,1027,"71,72,73,74,75,76,77,78,79,80,81,82,83,84,85,86,87,88,89,90,91,92"
P96440,1028,
P17890,1029,
Q8TK90,1030,"143,144,145,146,147,148,149,150,151,152,153,154,155,156,157,158,159,160,161,162"
P55733,1031,"49,50,51,52,53,54,55,56,57,58,59,60,61,62,63,64,65,66,67,68"
Q9S1G2,1032,
P42505,1033,"80,81,82,83,84,85"
Q07635,1034,
P76141,1035,"33,34,35,36,37,38,39,40,41,42,43,44,45,46,47,48,49,50,51,52,53,54,55,56,26,33"
P03632,1036,
P55265,1037,
P60008,1038,
Q9SZ67,1039,"462,463,464,465,466,467,468,469,470,471,472,473,474,475,476,477,478,479,480,481,482,483,484,485,486,487,488,489,490,491,492,493,494,495,496,497,498,499,500,501,502,503,504,505,506,507,508,509,510,511,512,513,514,515,516,517,518,519,520,521,522,523,524,525,526,635,636,637,638,639,640,641,642,643,644,645,646,647,648,649,650,651,652,653,654,655,656,657,658,659,660,661,662,663,664,665,666,667,668,669,670,671,672,673,674,675,676,677,678,679,680,681,682,683,684,685,686,687,688,689,690,691,692,693,694,695,696,697,698,699,700"
Q44406,1040,"27,28,29,30,31,32,33,34,35,36,37,38,39,40,41,42,43,44,45,46"
P0ACH9,1041,"211,212,213,214,215,216,217,218,219,220,221,222,223,224,225,226,227,228,229,230,231,232,259,260,261,262,263,264,265,266,267,268,269,270,271,272,273,274,275,276,277,278,279,280,281,282"
P55109,1042,"55,56,57,58,59,60,61,62,63,64,65,66,67,68,69,70,71,72,73,74"
Q9FIE3,1043,
Q00184,1044,
P40349,1045,
P41739,1046,
P11248,1047,
Q9XSK8,1048,
P21228,1049,"12,13,14,15,16,17,18,19,20,21,22,23,24,25,26,27,28,29,30,31,32,33,34,35,36,37,38,39,40,41,42,43,44,45,46,47,48,49"
P0A9U6,1050,"23,24,25,26,27,28,29,30,31,32,33,34,35,36,37,38,39,40,41,42"
P74739,1051,
P39389,1052,
Q95153,1053,
P54717,1054,"37,38,39,40,41,42,43,44,45,46,47,48,49,50,51,52,53,54,55,56"
Q9SVB7,1055,"217,218,219,220,221,222,223,224,225,226,227,228,229,230,231,232,233,234,235,236,237,238,239,240,241,242,243,244,245,246,247,248,249,250,251,252,253,254,255,256,257,258,259,260,261,262,263,264,265,266,267,268,269,270,271,272,273,274,275,276,277,278,279,280,281,282"
P10238,1056,
P11831,1057,"133,134,135,136,137,138,139,140,141,142,143,144,145,146,147,148,149,150,151,152,153,154,155,156,157,158,159,160,161,162,163,164,165,166,167,168,169,170,171,172,173,174,175,176,177,178,179,180,181,182,183,184,185,186,187,188,189,190,191,192,193,194,195,196,197,198,199,200,201,202,203,204,205,206,207,208,209,210,211,212,213,214,215,216,217,218,219,220,221,222"
P13988,1058,"90,91,92,93,94,95,96,97,98,99,100,101,102,103,104,105,106,107,108"
P03128,1059,
O93745,1060,
Q9L1A5,1061,
P19782,1062,
P55615,1063,
O07458,1064,
P74397,1065,
Q13952,1066,
Q9Z3Q6,1067,"228,229,230,231,232,233,234,235,236,237,238,239,240,241,242,243,244,245,246,247,248,249,277,278,279,280,281,282,283,284,285,286,287,288,289,290,291,292,293,294,295,296,297,298,299,300"
Q9HUW0,1068,"80,81,82,83,84,85,86,87,88,89,90,91,92,93,94,95,96,97,98,99"
Q9HCU5,1069,
Q8X835,1070,"38,39,40,41,42,43,44,45,46,47,48,49,50,51,52,53,54,55,56,57"
Q87QP4,1071,
Q9RZ89,1072,
Q86V15,1073,
O00841,1074,
P04892,1075,
P43474,1076,
Q00462,1077,
P11978,1078,
P52659,1079,"18,19,20,21,22,23,24,25,26,27,28,29,30,31,32,33,34,35,36,37"
O61735,1080,
Q9USR9,1081,"333,334,335,336,337,338,339,340,341,342,343,344,345"
P13574,1082,"57,58,59,60,61,62,63,64,65,66,67,68,69,70,71,72,73,74,75,76,77,78,79,80,81,82,83,84,85,86,87,88,89,90,91,92,93,94,95,96,97,98,99,100,101,102,103,104,105,106,107,108,109,110,111,112,113,114,115,116,117,118,119,120,121,122,123,124,125,126,127,128,129,130,131,132,133,134,135,136,137,138,139,140,141,142,143,144,145,146,147,148,149,150,151,152,153,154,155,156,157,158,159,160,161,162,163,164,165,166,167"
Q01371,1083,
Q09821,1084,
Q9RY51,1085,
P0A9F5,1086,"19,20,21,22,23,24,25,26,27,28,29,30,31,32,33,34,35,36,37,38"
Q98PK2,1087,
P03837,1088,
P46117,1089,"40,41,42,43,44,45,46,47,48,49,50,51,52,53,54,55,56,57,58,59"
P41846,1090,
Q8R5U7,1091,
P03008,1092,
Q9HB58,1093,
P27871,1094,"5,6,7,8,9,10,11,12,13,14,15,16,17,18,19,20,21,22,23,24"
Q99MT2,1095,
Q96KM6,1096,
P52286,1097,
P20482,1098,
Q00265,1099,"61,62,63,64,65,66,67,68,69,70,71,72,73,74,75,76,77,78,79,80"
O51157,1100,
Q8R9V5,1101,
Q99160,1102,"16,17,18,19,20,21,22,23,24,25,26,27,28,29,30,31,32,33,34,35,36,37,38,39,40,41,42,43,44,45,46,47,48,49,50,51,52,53,54,55,56,57,58,59,60,61,62,63,64,65,66,67,68,69,70,71,72,73,74,75"
Q01473,1103,"124,125,126,127,128,129,130,131,132,133,134,135,136,137,138,139,140,141,142,143,144,145,146,147,148,149,150,151,152,153,154,155,156,157,158,159,160,161,162,163,164,165,166,167,168,169,170,171,172,173,174,175,176,177,178,179,180,181,182,183,184,185,186,187,188,189,190,191,192,193,194,195,196,197,198,199,200,201,202,203,204,205,206,207,208,209,210,211,212,213,214,215,216,217,218,219,220,221,222,223"
Q19196,1104,
P0AEU9,1105,
Q92610,1106,
P39356,1107,"72,73,74,75,76,77,78,79,80,81,82,83,84,85,86,87,88,89,90,91"
P52698,1108,"21,22,23,24,25,26,27,28,29,30,31,32,33,34,35,36,37,38,39,40"
Q8EWT6,1109,
P13055,1110,"455,456,457,458,459,460,461,462,463,464,465,466,467,468,469,470,471,472,473,474,475,476,477,478,479,480,481,482,483,484,485,486,487,488,489,490,491,492,493,494,495,496,497,498,499,500,501,502,503,504,505,506,507,508,509,510,511,512,513,514,515,516,517,518,519,520,521,522,523,524,525,526,527,528,529,530,531"
Q9NRY4,1111,
P25921,1112,
P47347,1113,
Q06126,1114,
P75542,1115,
P15330,1116,
P37956,1117,"218,219,220,221,222,223,224,225,226,227,228,229,230,231,232,233,234,235"
P39736,1118,
P59697,1119,
O83149,1120,"356,357,358,359,360,361,362,363,364,365,366,367,368,369,370,371,372,373,374,375"
Q9UNN4,1121,
O97764,1122,
P06022,1123,"99,100,101,102,103,104,105,106,107,108,109,110,111,112,113,114,115,116,117,118,119,83,90"
Q88X36,1124,
P39970,1125,
P43016,1126,"11,12,13,14,15,16,17,18,19,20,21,22,23,24,25,26,27,28,29,30,31,32,33,34,35,36,37,38,39,40,41,42,43,44,45,46,47,48,49,50,51,52,53,54,55,56,57,58,59,60,61,62,63,64,65,66,67,68,69,70,71,72,73,74,75,76,77,78,79,80,81,82,83,84,85,86,87,88,89,90,91,92,93,94,95,96,97,98,99,100,101,102,103,104,105,106,107"
Q9UI36,1127,
P08638,1128,"37,38,39,40,41,42,43,44,45,46,47,48,49,50,51,52,53,54,55,56,57,58,59,60,61,62,63,64,65,66,67"
P45187,1129,
Q9H2P0,1130,"754,755,756,757,758,759,760,761,762,763,764,765,766,767,768,769,770,771,772,773,774,775,776,777,778,779,780,781,782,783,784,785,786,787,788,789,790,791,792,793,794,795,796,797,798,799,800,801,802,803,804,805,806,807,808,809,810,811,812,813,814"
Q06163,1131,
O17582,1132,
P13975,1133,
P40396,1134,
Q87L49,1135,
P27902,1136,
P15238,1137,"26,27,28,29,30,31,32,33,34,35,36,37,38,39,40,41,42,43,44,45"
P0A3J5,1138,"200,201,202,203,204,205,206,207,208,209,210,211,212,213,214,215,216,217,218,219"
Q58793,1139,
O32255,1140,"18,19,20,21,22,23,24,25,26,27,28,29,30,31,32,33,34,35,36,37"
Q7V7T9,1141,
P24536,1142,
Q7V1D3,1143,
P22404,1144,"13,14,15,16,17,18,19,20,21,22,23,24,25,26,27,28,29,30,31,32,56,57,58,59,60,61,62,63,64,65,66,67,68,69,70,71,72,73,74,75"
P75811,1145,"30,31,32,33,34,35,36,37,38,39,40,41,42,43,44,45,46,47,48,49"
P29590,1146,
P25992,1147,
Q8T0D4,1148,
O32138,1149,
P21969,1150,
Q9WX14,1151,"26,27,28,29,30,31,32,33,34,35,36,37,38,39,40,41,42,43,44,45,46,47,48,49,50,51,52,53,54,55,56,57,58,59,60,61,62,63,64,65"
P22876,1152,"42,43,44,45,46,47,48,49,50,51,52,53,54,55,56,57,58,59,60,61,62,63"
